,AWeight,PC1,PC2,PC3,PC4,PC5,PC6,Weight,naccr,naro,ncarb,ncobr,ncocl,ncof,ncoi,ndb,ndonr,nhal,nhet,nhev,nhyd,nnitro,noxy,nphos,nring,nrot,nsb,nsulph,nta,ntb
0,15.348,13,18,21,23,26,24,199.529,4,6,6,0,1,0,0,2,0,1,7,13,3,2,4,0,1,2,5,4,16,0
1,13.461,11,15,18,19,18,12,148.073,3,6,7,0,0,0,0,1,3,0,4,11,6,0,4,0,1,1,4,4,17,0
2,13.824,11,15,18,20,20,14,152.061,5,0,6,0,0,0,0,0,4,0,5,11,12,0,5,0,1,1,11,5,23,0
3,13.461,11,15,17,17,20,16,148.073,3,6,7,0,0,0,0,1,3,0,4,11,6,0,4,0,1,1,4,4,17,0
4,13.28,11,15,18,19,18,12,146.081,3,6,7,0,0,0,0,1,3,0,4,11,7,1,3,0,1,1,4,3,18,0
5,16.234,8,10,8,6,4,0,146.103,3,0,3,0,0,0,0,2,3,0,6,9,7,1,4,0,0,3,6,4,16,0
6,13.436,6,6,4,3,2,0,94.049,2,0,4,0,0,0,0,1,2,0,3,7,9,1,2,0,0,3,5,2,16,0
7,13.099,11,14,14,16,18,13,144.085,2,6,8,0,0,0,0,1,2,0,3,11,8,0,3,0,1,2,4,3,19,0
8,13.562,8,9,7,5,5,2,122.059,3,0,5,0,0,0,0,2,2,0,4,9,9,1,3,0,0,4,6,3,18,0
9,14.005,3,2,1,0,0,0,56.02,2,0,2,0,0,0,0,0,2,0,2,4,6,0,2,0,0,1,3,2,10,0
10,13.698,12,15,13,13,13,8,178.079,3,0,7,0,0,0,0,3,3,0,6,13,11,1,5,0,0,5,9,5,24,0
11,13.009,11,15,20,25,25,23,130.09,4,10,5,0,0,0,0,0,2,0,5,10,5,5,0,0,2,0,1,0,15,0
12,13.376,21,31,45,60,72,86,254.141,9,10,10,0,0,0,0,0,4,0,9,19,13,5,4,0,3,2,11,4,32,0
13,13.824,11,15,16,20,18,13,152.069,3,0,4,0,0,0,0,3,4,0,7,11,6,4,3,0,1,1,8,3,17,0
14,14.005,10,14,17,16,16,11,140.05,5,0,5,0,0,0,0,0,4,0,5,10,10,0,5,0,1,0,10,5,20,0
15,12.897,9,11,12,12,12,7,116.075,1,6,7,0,0,0,0,1,1,0,2,9,6,0,2,0,1,1,2,2,15,0
16,14.262,17,23,28,37,40,44,228.188,3,0,10,0,0,0,0,2,3,0,6,16,16,2,3,0,2,5,15,3,32,0
17,14.396,24,34,38,45,52,54,331.112,7,12,12,0,0,0,0,3,1,0,11,23,9,2,8,1,2,6,9,8,32,0
18,13.008,8,10,11,10,10,5,104.064,2,6,6,0,0,0,0,0,2,0,2,8,6,0,2,0,1,0,2,2,14,0
19,15.552,20,27,32,33,38,39,311.036,5,6,11,0,2,0,0,2,3,2,9,20,12,2,5,0,1,6,12,5,32,0
20,23.364,25,57,120,216,368,572,490.639,1,0,10,0,10,0,0,1,0,10,11,21,0,0,1,0,6,0,24,1,21,0
21,12.699,32,51,74,105,148,185,368.259,4,0,24,0,0,0,0,1,4,0,5,29,40,0,5,0,4,4,31,5,69,0
22,14.158,12,17,16,17,12,4,184.059,4,0,6,0,0,0,0,3,4,0,7,13,8,0,7,0,0,5,9,7,21,0
23,14.718,22,33,39,49,60,68,309.086,9,6,9,0,0,0,0,2,5,0,12,21,14,3,8,1,2,4,14,8,35,0
24,12.736,12,16,20,25,31,26,140.097,2,11,9,0,0,0,0,1,0,0,2,11,6,0,2,0,2,0,0,2,17,0
25,12.509,8,10,11,10,10,5,100.076,1,6,7,0,0,0,0,0,1,0,1,8,8,0,1,0,1,0,2,1,16,0
26,13.207,10,13,15,16,14,9,132.074,2,6,7,0,0,0,0,1,2,0,3,10,6,0,3,0,1,1,3,3,16,0
27,13.008,17,24,29,39,47,52,208.128,4,11,12,0,0,0,0,2,0,0,4,16,10,0,4,0,2,1,4,4,26,0
28,12.809,9,9,7,6,5,4,128.086,1,0,8,0,0,0,0,1,1,0,2,10,16,0,2,0,0,6,8,2,26,0
29,13.72,6,7,4,4,0,0,96.041,2,0,4,0,0,0,0,1,2,0,3,7,8,0,3,0,0,2,5,3,15,0
30,12.897,9,11,13,13,12,7,116.075,2,6,7,0,0,0,0,0,1,0,2,9,8,0,2,0,1,1,3,2,17,0
31,13.085,13,16,17,18,20,15,170.103,2,6,9,0,0,0,0,2,2,0,4,13,9,1,3,0,1,3,5,3,22,0
32,14.005,7,9,8,4,0,0,112.04,2,0,4,0,0,0,0,2,2,0,4,8,6,0,4,0,0,2,5,4,14,0
33,13.562,9,12,13,14,12,8,122.059,2,0,5,0,0,0,0,2,2,0,4,9,7,1,3,0,1,1,7,3,16,0
34,14.227,8,10,8,6,4,0,128.039,3,0,4,0,0,0,0,2,3,0,5,9,6,0,5,0,0,3,6,5,15,0
35,16.874,7,10,5,6,0,0,134.991,2,0,2,0,0,0,0,2,3,0,6,8,5,0,5,1,0,2,5,5,13,0
36,13.34,12,16,17,19,21,18,160.084,3,6,8,0,0,0,0,1,3,0,4,12,8,0,4,0,1,2,5,4,20,0
37,13.119,8,8,6,5,4,3,118.071,2,0,6,0,0,0,0,1,2,0,3,9,13,1,2,0,0,5,7,2,22,0
38,13.258,8,11,12,13,9,4,106.064,3,0,4,0,0,0,0,2,1,0,4,8,7,3,1,0,1,0,6,1,15,0
39,13.258,8,10,10,11,10,6,106.064,3,6,4,0,0,0,0,1,2,0,4,8,5,3,1,0,1,0,1,1,13,0
40,13.382,17,24,31,39,44,49,214.116,7,6,9,0,0,0,0,1,3,0,7,16,13,3,4,0,2,2,10,4,29,0
41,12.736,12,16,20,25,31,26,140.097,2,6,9,0,0,0,0,1,0,0,2,11,8,0,2,0,2,0,5,2,19,0
42,12.41,23,36,53,73,98,122,248.196,2,6,18,0,0,0,0,1,1,0,2,20,22,0,2,0,4,0,16,2,42,0
43,13.207,9,11,11,8,4,2,132.074,3,0,7,0,0,0,0,2,0,0,3,10,12,0,3,0,0,3,7,3,22,0
44,23.732,12,18,24,24,24,19,284.784,0,0,6,0,6,0,0,0,0,6,6,12,6,0,0,0,1,0,12,0,18,0
45,14.51,19,24,24,22,23,19,290.192,6,0,10,0,0,0,0,4,6,0,10,20,17,3,6,0,0,9,15,6,37,0
46,12.759,8,9,10,11,7,5,102.076,2,5,5,0,0,0,0,0,2,0,3,8,9,3,0,0,1,2,3,0,17,0
47,12.778,14,19,24,32,36,36,166.115,1,10,10,0,0,0,0,1,2,0,3,13,9,1,2,0,2,2,3,2,22,0
48,12.942,16,22,28,34,40,42,194.125,2,10,11,0,0,0,0,2,2,0,4,15,9,1,3,0,2,3,4,3,24,0
49,13.481,21,31,45,60,72,86,256.133,8,10,10,0,0,0,0,1,4,0,9,19,12,4,5,0,3,2,10,5,31,0
50,16.018,12,14,14,15,12,11,192.22,3,0,8,0,0,0,0,1,1,0,4,12,14,0,2,0,1,5,11,2,26,0
51,14.005,12,18,24,24,24,19,168.06,6,0,6,0,0,0,0,0,6,0,6,12,12,0,6,0,1,0,12,6,24,0
52,12.715,18,24,30,38,46,52,216.155,2,10,13,0,0,0,0,1,2,0,4,17,16,2,2,0,2,4,7,2,33,0
53,13.739,15,21,26,31,35,29,206.089,6,0,8,0,0,0,0,1,5,0,7,15,15,1,6,0,1,2,14,6,30,0
54,12.759,17,23,28,36,43,46,204.144,2,10,12,0,0,0,0,1,3,0,4,16,14,2,2,0,2,3,6,2,30,0
55,12.609,10,12,12,14,14,9,126.094,1,6,8,0,0,0,0,1,1,0,2,10,9,1,1,0,1,1,3,1,19,0
56,12.011,11,14,18,22,26,20,120.11,0,11,10,0,0,0,0,0,0,0,0,10,8,0,0,0,2,0,0,0,18,0
57,13.008,22,32,42,57,72,84,260.16,5,12,15,0,0,0,0,1,3,0,5,20,12,0,5,0,3,1,9,5,32,0
58,12.898,9,11,12,12,12,7,116.079,2,6,6,0,0,0,0,1,1,0,3,9,6,2,1,0,1,1,2,1,15,0
59,13.119,9,11,12,12,12,7,118.071,2,6,6,0,0,0,0,1,1,0,3,9,5,1,2,0,1,1,2,2,14,0
60,12.344,13,17,22,27,27,24,148.124,2,6,10,0,0,0,0,0,0,0,2,12,14,2,0,0,2,1,7,0,26,0
61,12.233,9,11,12,12,12,7,110.095,1,6,8,0,0,0,0,0,0,0,1,9,11,1,0,0,1,1,3,0,20,0
62,12.454,8,7,6,5,4,3,112.087,1,0,8,0,0,0,0,0,1,0,1,9,18,0,1,0,0,6,8,1,27,0
63,13.008,10,13,14,14,16,13,130.082,2,6,7,0,0,0,0,1,2,0,3,10,7,1,2,0,1,1,3,2,17,0
64,22.111,12,18,24,24,24,19,265.33,1,6,6,0,5,0,0,0,1,5,6,12,1,0,1,0,1,0,6,1,13,0
65,12.011,16,22,31,42,55,55,168.154,0,16,14,0,0,0,0,0,0,0,0,14,10,0,0,0,3,0,0,0,24,0
66,12.233,9,10,11,12,12,7,110.095,1,6,8,0,0,0,0,0,1,0,1,9,11,1,0,0,1,2,3,0,20,0
67,12.932,14,19,24,31,33,29,168.111,2,6,9,0,0,0,0,2,2,0,4,13,8,2,2,0,2,1,6,2,21,0
68,13.34,12,16,19,22,22,13,160.084,2,6,8,0,0,0,0,2,2,0,4,12,6,0,4,0,1,2,4,4,18,0
69,13.119,9,11,12,12,12,7,118.071,2,6,6,0,0,0,0,1,1,0,3,9,5,1,2,0,1,1,2,2,14,0
70,13.606,4,4,2,0,0,0,68.031,2,0,3,0,0,0,0,0,2,0,2,5,8,0,2,0,0,1,4,2,13,0
71,13.119,9,11,12,12,12,7,118.075,3,6,5,0,0,0,0,1,1,0,4,9,5,3,1,0,1,1,2,1,14,0
72,13.341,9,11,12,12,12,7,120.067,3,6,5,0,0,0,0,1,1,0,4,9,4,2,2,0,1,1,2,2,13,0
73,13.507,12,16,19,22,22,13,162.08,3,6,7,0,0,0,0,2,2,0,5,12,5,1,4,0,1,2,4,4,17,0
74,13.673,5,5,3,2,0,0,82.038,2,0,3,0,0,0,0,1,2,0,3,6,7,1,2,0,0,2,4,2,13,0
75,14.005,11,14,16,12,8,4,168.06,6,0,6,0,0,0,0,1,5,0,6,12,12,0,6,0,0,5,10,6,24,0
76,16.87,6,8,4,3,0,0,118.093,3,0,2,0,0,0,0,2,2,0,5,7,7,1,3,0,0,2,4,3,14,0
77,12.344,13,17,23,30,33,32,148.124,1,10,10,0,0,0,0,0,2,0,2,12,12,2,0,0,2,2,3,0,24,0
78,13.507,8,10,10,11,10,6,108.056,2,6,4,0,0,0,0,2,2,0,4,8,4,2,2,0,1,0,0,2,12,0
79,14.006,3,3,0,0,0,0,56.024,1,0,1,0,0,0,0,1,2,0,3,4,4,2,1,0,0,0,2,1,8,0
80,12.75,30,47,66,98,146,195,344.237,5,11,22,0,0,0,0,2,1,0,5,27,26,0,5,0,4,2,17,5,53,0
81,13.824,11,15,17,18,16,14,152.065,4,5,5,0,0,0,0,2,3,0,6,11,6,2,4,0,1,2,4,4,17,0
82,13.435,14,19,23,24,27,26,188.094,4,6,9,0,0,0,0,1,3,0,5,14,10,0,5,0,1,3,7,5,24,0
83,13.099,11,14,16,16,16,11,144.085,2,6,8,0,0,0,0,1,2,0,3,11,8,0,3,0,1,2,4,3,19,0
84,12.715,18,25,32,38,49,53,216.151,2,11,14,0,0,0,0,1,1,0,3,17,14,0,3,0,2,3,6,3,31,0
85,12.937,32,48,72,105,141,177,362.232,7,12,21,0,0,0,0,1,0,0,7,28,21,1,6,0,5,3,19,6,49,0
86,12.296,16,22,31,42,55,55,172.146,2,16,12,0,0,0,0,0,0,0,2,14,8,2,0,0,3,0,0,0,22,0
87,13.151,15,23,33,42,48,50,184.114,6,10,8,0,0,0,0,2,0,0,6,14,10,4,2,0,2,0,3,2,24,0
88,12.736,24,34,49,68,85,106,280.202,5,10,16,0,0,0,0,2,1,0,6,22,24,4,2,0,3,5,12,2,46,0
89,13.788,29,43,58,77,100,126,372.277,7,16,17,0,0,0,0,4,2,0,10,27,20,4,5,0,3,6,9,5,47,0
90,12.842,13,18,24,30,35,30,154.104,2,11,9,0,0,0,0,1,2,0,3,12,7,1,2,0,2,0,1,2,19,0
91,13.268,27,38,52,66,86,98,331.697,2,17,21,0,1,0,0,1,0,1,4,25,21,2,1,0,3,4,9,1,46,0
92,13.675,16,23,28,36,39,36,205.118,2,11,10,0,0,3,0,0,0,3,5,15,7,2,0,0,2,1,5,0,22,0
93,13.856,28,43,59,78,100,125,360.266,8,16,16,0,0,0,0,5,1,0,10,26,16,4,5,0,3,4,7,5,42,0
94,12.809,11,15,20,25,26,23,128.094,4,10,6,0,0,0,0,0,1,0,4,10,6,4,0,0,2,0,1,0,16,0
95,13.631,23,33,42,57,74,74,286.247,3,17,16,0,0,0,0,2,2,0,5,21,13,1,3,0,3,3,4,3,34,0
96,12.486,23,35,46,64,86,104,262.211,5,16,16,0,0,0,0,0,1,0,5,21,19,5,0,0,3,1,7,0,40,0
97,12.694,40,55,66,86,110,133,482.354,8,17,28,0,0,0,0,1,3,0,10,38,41,7,3,0,3,12,22,3,79,0
98,12.344,13,16,20,24,28,22,148.124,2,12,10,0,0,0,0,0,0,0,2,12,8,2,0,0,2,1,1,0,20,0
99,32.778,10,14,16,17,16,12,327.777,1,6,6,3,0,0,0,0,1,3,4,10,3,0,1,0,1,0,4,1,13,0
100,16.538,13,17,18,20,23,20,214.991,2,6,8,0,2,0,0,1,1,2,5,13,6,0,3,0,1,3,6,3,19,0
101,15.934,15,19,20,22,24,21,239.013,2,6,10,0,2,0,0,1,1,2,5,15,10,0,3,0,1,5,8,3,25,0
102,13.461,11,15,17,19,18,16,148.073,3,6,7,0,0,0,0,1,3,0,4,11,6,0,4,0,1,1,4,4,17,0
103,14.097,24,34,42,49,61,69,324.229,6,12,14,0,0,0,0,3,1,0,9,23,14,2,6,0,2,6,9,6,37,0
104,13.852,13,18,21,23,26,24,180.075,5,6,6,0,0,0,0,2,1,0,7,13,4,2,5,0,1,2,5,5,17,0
105,13.119,9,12,12,15,12,10,118.075,3,6,5,0,0,0,0,1,2,0,4,9,7,3,1,0,1,0,2,1,16,0
106,15.458,19,28,35,40,45,50,278.25,7,11,9,0,0,0,0,3,1,0,9,18,7,3,4,0,2,3,5,4,25,0
107,12.154,16,23,32,45,58,65,170.15,1,12,13,0,0,0,0,0,1,0,1,14,11,1,0,0,3,0,4,0,25,0
108,14.4,21,31,43,59,71,87,273.595,8,10,10,0,1,0,0,0,3,1,9,19,12,5,3,0,3,2,11,3,31,0
109,15.266,8,10,11,10,10,5,122.128,3,6,5,0,0,0,0,1,1,0,3,8,5,1,1,0,1,0,1,1,13,0
110,16.231,14,20,27,34,41,37,211.003,2,11,9,0,2,0,0,1,0,2,4,13,4,0,2,0,2,0,2,2,17,0
111,13.342,6,7,7,7,3,1,80.05,3,5,2,0,0,0,0,0,2,0,4,6,4,4,0,0,1,0,1,0,10,0
112,13.396,28,39,51,63,75,74,348.298,4,18,20,0,0,0,0,2,1,0,6,26,20,2,3,0,3,6,8,3,46,0
113,16.263,7,9,5,4,3,0,130.104,3,0,3,0,0,0,0,2,2,0,5,8,9,1,3,0,0,3,5,3,17,0
114,13.271,21,31,45,60,72,86,252.145,8,10,11,0,0,0,0,0,4,0,8,19,14,4,4,0,3,2,11,4,33,0
115,13.151,15,21,29,39,44,45,184.114,4,10,8,0,0,0,0,2,2,0,6,14,10,4,2,0,2,2,3,2,24,0
116,14.254,7,8,5,4,4,0,114.036,3,0,3,0,0,0,0,2,1,0,5,8,5,1,4,0,0,3,5,4,13,0
117,14.624,23,33,44,57,77,90,307.095,2,12,16,0,2,0,0,2,0,2,5,21,12,2,1,0,3,1,9,1,33,0
118,13.008,32,48,71,102,139,180,364.224,7,12,21,0,0,0,0,1,1,0,7,28,20,0,7,0,5,3,19,7,48,0
119,12.581,7,8,8,8,8,3,88.069,2,6,5,0,0,0,0,0,1,0,2,7,6,2,0,0,1,0,1,0,13,0
120,32.011,11,14,16,16,18,17,352.118,1,6,7,0,1,0,0,1,1,1,4,11,5,0,2,0,1,2,4,2,16,0
121,13.238,13,17,19,22,24,21,172.095,3,6,9,0,0,0,0,1,2,0,4,13,10,0,4,0,1,3,6,4,23,0
122,13.099,11,14,16,16,18,15,144.089,3,6,7,0,0,0,0,1,3,0,4,11,8,2,2,0,1,1,4,2,19,0
123,13.225,26,39,54,72,88,108,304.181,9,10,13,0,0,0,0,1,4,0,10,23,16,6,4,0,4,3,15,4,39,0
124,12.641,21,30,43,60,72,72,240.177,2,12,15,0,0,0,0,2,2,0,4,19,12,2,2,0,3,2,7,2,31,0
125,13.983,22,30,37,47,56,61,293.633,5,6,12,0,1,0,0,2,3,1,9,21,18,7,1,0,2,2,14,1,39,0
126,14.081,20,28,34,42,46,45,281.622,5,6,11,0,1,0,0,2,3,1,9,20,18,7,1,0,1,4,12,1,38,0
127,14.681,18,26,35,44,51,55,249.569,7,6,9,0,1,0,0,1,3,1,8,17,12,3,4,0,2,2,11,4,29,0
128,13.341,19,27,36,45,53,60,240.13,6,6,11,0,0,0,0,2,3,0,7,18,16,2,5,0,2,3,11,5,34,0
129,13.316,14,20,25,32,40,42,173.102,1,10,9,0,0,1,0,1,2,1,4,13,6,1,2,0,2,1,3,2,19,0
130,13.95,19,28,38,47,57,61,251.105,7,6,9,0,0,1,0,2,4,1,9,18,11,2,6,0,2,2,11,6,29,0
131,13.008,15,21,26,35,42,43,182.114,2,10,10,0,0,0,0,1,3,0,4,14,9,1,3,0,2,2,4,3,23,0
132,12.51,17,23,29,37,46,51,200.156,2,10,13,0,0,0,0,0,1,0,3,16,18,2,1,0,2,4,7,1,34,0
133,12.581,15,20,27,35,42,45,176.134,2,10,11,0,0,0,0,0,2,0,3,14,14,2,1,0,2,3,5,1,28,0
134,12.41,17,24,34,47,62,64,186.149,1,16,13,0,0,0,0,1,1,0,2,15,9,1,1,0,3,0,0,1,24,0
135,13.978,19,26,33,42,51,60,251.608,2,10,13,0,1,0,0,1,2,1,5,18,15,2,2,0,2,4,8,2,33,0
136,12.897,19,26,33,42,51,60,232.154,3,10,13,0,0,0,0,1,3,0,5,18,16,2,3,0,2,4,8,3,34,0
137,12.543,17,24,34,47,62,70,188.145,2,10,12,0,0,0,0,0,2,0,3,15,14,2,1,0,3,1,7,1,29,0
138,14.474,17,25,36,47,56,62,231.578,6,10,9,0,1,0,0,2,0,1,7,16,11,4,2,0,2,2,5,2,27,0
139,12.851,21,30,39,51,68,76,244.161,4,12,15,0,0,0,0,1,2,0,4,19,12,0,4,0,3,1,8,4,31,0
140,12.676,20,28,37,49,64,70,228.162,3,12,15,0,0,0,0,1,1,0,3,18,12,0,3,0,3,1,7,3,30,0
141,13.258,17,25,36,47,56,62,212.124,7,10,9,0,0,0,0,2,1,0,7,16,12,4,3,0,2,2,5,3,28,0
142,13.175,13,18,24,31,33,31,158.096,3,10,7,0,0,0,0,1,1,0,5,12,5,3,2,0,2,1,2,2,17,0
143,12.898,20,30,43,56,68,84,232.158,5,10,12,0,0,0,0,2,1,0,6,18,16,4,2,0,3,1,8,2,34,0
144,12.51,24,30,37,40,43,41,300.228,3,0,21,0,0,0,0,4,1,0,3,24,26,0,3,0,1,6,18,3,50,2
145,13.085,67,92,109,130,141,165,850.507,17,0,47,0,0,0,0,9,12,0,18,65,73,1,17,0,3,3,58,17,138,0
146,13.713,31,44,58,78,105,124,397.685,6,16,21,0,1,0,0,3,1,1,8,29,18,1,6,0,3,6,12,6,47,0
147,17.309,9,12,11,9,4,0,173.089,4,0,4,0,0,0,0,2,1,0,6,10,10,1,3,1,0,3,7,3,20,0
148,12.918,11,14,14,16,18,13,142.093,2,6,8,0,0,0,0,1,2,0,3,11,9,1,2,0,1,1,4,2,20,0
149,17.667,15,22,23,26,32,31,265.012,3,6,8,0,0,0,0,2,4,0,7,15,10,1,5,0,1,2,7,5,25,0
150,16.631,13,19,19,22,22,23,216.203,6,5,4,0,0,0,0,3,2,0,9,13,6,4,3,0,1,2,5,3,19,0
151,13.867,18,23,30,37,42,36,249.612,2,6,14,0,1,0,0,1,0,1,4,18,20,1,2,0,1,6,11,2,38,0
152,13.829,23,32,37,43,47,50,304.242,4,6,15,0,0,0,0,4,2,0,7,22,20,2,4,0,2,4,13,4,42,0
153,14.005,4,4,2,0,0,0,70.027,2,0,2,0,0,0,0,1,2,0,3,5,5,1,2,0,0,0,3,2,10,0
154,13.174,11,14,12,13,12,4,158.092,2,0,8,0,0,0,0,2,2,0,4,12,15,1,3,0,0,4,9,3,27,0
155,12.942,15,19,20,23,26,19,194.125,2,6,11,0,0,0,0,2,2,0,4,15,13,1,3,0,1,4,7,3,28,0
156,12.897,19,26,32,41,48,49,232.154,2,10,13,0,0,0,0,2,3,0,5,18,14,2,3,0,2,4,7,3,32,0
157,12.41,17,24,34,46,60,63,186.149,1,16,13,0,0,0,0,1,1,0,2,15,9,1,1,0,3,0,0,1,24,0
158,13.008,14,18,18,22,24,21,182.114,2,6,10,0,0,0,0,2,2,0,4,14,11,1,3,0,1,3,6,3,25,0
159,12.971,27,35,43,50,53,53,350.225,5,0,19,0,0,0,0,3,4,0,8,27,35,3,5,0,1,11,24,5,62,0
160,13.382,17,23,30,40,47,52,214.12,7,10,8,0,0,0,0,1,3,0,8,16,11,5,3,0,2,4,6,3,27,0
161,12.233,20,28,37,47,63,66,220.19,2,17,16,0,0,0,0,0,0,0,2,18,14,2,0,0,3,1,3,0,32,0
162,12.866,14,18,21,22,25,22,180.122,4,6,10,0,0,0,0,1,2,0,4,14,6,2,2,0,1,1,5,2,20,2
163,12.908,21,28,34,38,46,44,258.168,5,12,15,0,0,0,0,1,3,0,5,20,15,1,4,0,2,4,8,4,35,0
164,13.867,18,23,31,39,45,38,249.612,2,6,14,0,1,0,0,1,0,1,4,18,20,1,2,0,1,6,11,2,38,0
165,13.901,19,25,31,40,49,56,250.218,4,10,12,0,0,0,0,1,2,0,6,18,15,3,2,0,2,4,8,2,33,0
166,13.208,11,15,20,25,25,23,132.082,3,9,5,0,0,0,0,1,2,0,5,10,4,4,1,0,2,0,1,1,14,0
167,13.852,13,18,24,26,28,24,180.071,6,0,7,0,0,0,0,0,4,0,6,13,14,0,6,0,1,2,13,6,27,0
168,12.363,35,49,58,72,92,106,420.338,3,6,31,0,0,0,0,1,0,0,3,34,52,0,3,0,2,13,28,3,86,0
169,16.809,23,35,42,56,70,90,369.792,6,6,11,0,1,0,0,5,3,1,11,22,14,3,4,0,2,5,12,4,36,0
170,12.809,15,21,24,27,36,34,192.141,6,6,9,0,0,0,0,0,0,0,6,15,18,6,0,0,1,3,9,0,33,0
171,19.998,19,26,31,36,43,39,359.964,3,6,13,2,0,0,0,0,3,2,5,18,18,2,1,0,2,3,13,1,36,0
172,12.343,27,38,52,69,87,95,296.244,3,12,21,0,0,0,0,0,1,0,3,24,26,2,1,0,4,4,15,1,50,0
173,12.715,18,26,35,42,50,51,216.155,3,6,13,0,0,0,0,2,2,0,4,17,16,2,2,0,2,2,10,2,33,0
174,13.151,14,18,19,20,24,21,184.11,3,6,9,0,0,0,0,2,3,0,5,14,10,2,3,0,1,3,6,3,24,0
175,12.676,16,23,32,40,44,41,190.141,4,11,11,0,0,0,0,1,1,0,4,15,13,3,1,0,2,1,4,1,28,0
176,13.239,14,21,30,37,41,42,172.103,5,10,7,0,0,0,0,2,1,0,6,13,8,4,2,0,2,0,2,2,21,0
177,13.703,29,39,53,73,96,112,383.682,7,6,20,0,1,0,0,4,2,1,8,28,25,2,5,0,2,8,19,5,53,0
178,13.348,27,37,48,61,79,84,333.693,4,17,20,0,1,0,0,0,2,1,5,25,22,3,1,0,3,6,10,1,47,0
179,13.53,25,35,48,66,92,107,297.66,4,12,17,0,1,0,0,1,1,1,5,22,16,3,1,0,4,0,12,1,38,0
180,12.344,13,16,20,24,28,22,148.124,2,6,10,0,0,0,0,0,1,0,2,12,14,2,0,0,2,1,7,0,26,0
181,12.883,17,23,30,35,37,38,206.136,3,6,12,0,0,0,0,2,0,0,4,16,13,1,3,0,2,2,9,3,29,0
182,12.641,21,30,43,58,72,80,240.173,3,12,16,0,0,0,0,2,0,0,3,19,12,0,3,0,3,2,7,3,31,0
183,12.956,20,27,33,41,48,47,246.157,5,6,14,0,0,0,0,1,2,0,5,19,19,1,4,0,2,4,13,4,38,0
184,12.715,19,28,40,56,70,80,216.151,3,12,14,0,0,0,0,1,2,0,3,17,10,0,3,0,3,0,6,3,27,0
185,12.974,33,49,73,106,143,184,376.235,7,12,22,0,0,0,0,1,0,0,7,29,22,0,7,0,5,4,20,7,51,0
186,12.581,15,21,28,36,38,34,176.134,3,11,11,0,0,0,0,1,0,0,3,14,12,2,1,0,2,1,3,1,26,0
187,13.008,12,16,19,20,23,20,156.096,3,6,9,0,0,0,0,1,1,0,3,12,10,0,3,0,1,2,5,3,22,0
188,12.51,23,35,52,75,108,130,250.192,3,12,17,0,0,0,0,0,2,0,3,20,17,1,2,0,4,0,11,2,37,0
189,13.207,28,42,62,92,133,173,330.187,6,16,17,0,0,0,0,2,1,0,8,25,11,1,7,0,4,3,10,7,36,0
190,13.008,23,38,57,83,123,163,260.16,5,0,15,0,0,0,0,1,0,0,5,20,22,0,5,0,5,0,22,5,42,0
191,13.238,13,17,19,23,24,19,172.095,3,6,9,0,0,0,0,2,1,0,4,13,8,0,4,0,1,2,5,4,21,0
192,12.569,38,52,68,88,117,129,427.333,5,22,28,0,0,1,0,0,1,1,6,34,31,4,1,0,5,8,16,1,65,0
193,12.851,19,24,24,27,32,28,244.165,4,6,14,0,0,0,0,1,3,0,5,19,22,2,3,0,1,8,12,3,41,0
194,13.257,16,24,27,31,34,34,212.12,4,5,10,0,0,0,0,2,3,0,6,16,16,2,4,0,1,3,9,4,32,0
195,14.398,14,18,19,25,26,27,201.576,5,6,8,0,1,0,0,0,2,1,6,14,14,5,0,0,1,4,8,0,28,0
196,14.222,21,30,41,54,61,68,270.213,8,15,9,0,0,0,0,1,1,0,10,19,7,7,2,0,3,3,5,2,26,0
197,13.238,12,13,10,9,8,7,172.095,2,0,9,0,0,0,0,2,2,0,4,13,16,0,4,0,0,8,10,4,29,0
198,16.065,20,28,36,40,49,52,305.236,8,11,10,0,0,0,0,2,0,0,9,19,12,3,3,1,2,5,7,3,31,0
199,13.647,26,39,51,71,90,103,341.18,5,6,16,0,0,3,0,4,1,3,9,25,15,2,4,0,2,3,16,4,40,0
200,13.133,17,25,30,41,51,52,210.124,4,6,11,0,0,0,0,1,1,0,5,16,13,1,4,0,2,1,10,4,29,0
201,15.086,29,46,55,75,101,119,407.31,5,12,15,0,0,3,0,4,3,3,12,27,14,3,4,0,3,3,13,4,41,0
202,13.248,26,35,39,44,50,45,331.208,3,12,19,0,0,3,0,1,1,3,6,25,20,1,2,0,2,7,13,2,45,0
203,12.676,9,11,12,12,12,7,114.083,1,6,7,0,0,0,0,1,1,0,2,9,7,1,1,0,1,1,2,1,16,0
204,12.455,9,11,12,12,12,7,112.091,1,6,7,0,0,0,0,1,2,0,2,9,8,2,0,0,1,1,2,0,17,0
205,18.727,24,35,49,65,82,91,411.992,3,16,17,2,0,0,0,1,1,2,5,22,12,0,3,0,3,3,7,3,34,0
206,12.011,24,36,55,83,122,150,240.22,0,24,20,0,0,0,0,0,0,0,0,20,12,0,0,0,5,0,0,0,32,0
207,12.842,12,15,17,18,20,17,154.104,3,6,9,0,0,0,0,1,1,0,3,12,11,1,2,0,1,2,5,2,23,0
208,12.866,23,33,45,60,73,83,270.179,4,6,16,0,0,0,0,2,1,0,5,21,19,1,4,0,3,3,15,4,40,0
209,16.071,28,42,51,67,83,101,417.836,6,12,15,0,1,0,0,5,2,1,11,26,14,3,4,0,3,5,11,4,40,0
210,12.509,17,21,25,28,32,26,200.152,2,12,14,0,0,0,0,1,0,0,2,16,12,0,2,0,2,3,4,2,28,0
211,12.705,24,30,37,44,51,46,292.205,4,12,19,0,0,0,0,2,0,0,4,23,20,0,4,0,2,7,10,4,43,0
212,15.573,26,40,49,66,83,104,373.758,5,12,14,0,1,0,0,4,3,1,10,24,14,3,4,0,3,3,10,4,38,0
213,13.008,18,26,37,52,66,76,208.128,4,15,12,0,0,0,0,1,0,0,4,16,8,0,4,0,3,1,2,4,24,0
214,12.391,24,34,48,67,90,100,260.207,2,22,19,0,0,0,0,1,0,0,2,21,12,0,2,0,4,1,1,2,33,0
215,13.074,34,51,77,112,151,197,392.234,8,12,22,0,0,0,0,1,1,0,8,30,22,0,8,0,5,4,21,8,52,0
216,12.177,27,36,49,65,79,84,292.256,2,23,22,0,0,0,0,0,0,0,2,24,18,2,0,0,4,4,4,0,42,0
217,12.676,29,39,48,64,80,85,342.245,5,18,22,0,0,0,0,2,0,0,5,27,19,1,4,0,3,5,9,4,46,0
218,16.104,20,26,32,35,40,38,322.077,4,6,14,1,0,0,0,1,2,1,6,20,22,3,2,0,1,7,13,2,42,0
219,15.275,28,39,48,55,70,73,397.138,3,12,21,1,0,1,0,1,1,2,5,26,23,1,2,0,3,6,15,2,49,0
220,22.916,14,20,27,34,41,37,297.913,2,11,9,2,0,0,0,0,1,2,4,13,5,1,1,0,2,0,3,1,18,0
221,12.883,16,19,21,23,27,25,206.136,3,6,12,0,0,0,0,1,2,0,4,16,17,1,3,0,1,6,9,3,33,0
222,13.771,26,36,43,55,74,82,344.263,5,12,17,0,0,0,0,3,3,0,8,25,20,2,5,0,2,8,11,5,45,0
223,16.585,13,18,11,10,9,8,232.194,6,0,6,0,0,0,0,4,0,0,8,14,14,0,6,0,0,7,9,6,28,0
224,12.555,22,26,29,31,35,32,276.21,4,6,18,0,0,0,0,1,1,0,4,22,30,2,2,0,1,11,15,2,52,0
225,12.723,14,17,19,20,23,21,178.126,3,6,11,0,0,0,0,1,1,0,3,14,15,1,2,0,1,4,7,2,29,0
226,26.188,4,6,0,0,0,0,130.942,1,0,2,0,0,0,0,1,1,0,3,5,7,0,2,0,0,0,3,2,12,0
227,12.625,30,49,72,107,150,200,328.238,4,5,22,0,0,0,0,1,1,0,4,26,30,0,4,0,5,2,24,4,56,0
228,13.151,15,23,33,42,48,50,184.114,6,10,8,0,0,0,0,2,0,0,6,14,10,4,2,0,2,0,3,2,24,0
229,12.374,12,21,31,36,37,38,136.109,1,0,10,0,0,0,0,1,0,0,1,11,16,0,1,0,2,0,11,1,27,0
230,12.454,20,28,39,54,70,75,224.178,1,12,15,0,0,0,0,2,1,0,3,18,12,2,1,0,3,0,6,1,30,0
231,13.606,10,15,20,17,10,4,136.062,2,0,6,0,0,0,0,2,2,0,4,10,8,0,4,0,1,2,8,4,18,0
232,13.138,25,37,49,67,87,97,302.181,7,0,15,0,0,0,0,5,1,0,8,23,19,3,5,0,3,6,20,5,42,0
233,12.932,13,15,16,17,13,13,168.115,3,5,8,0,0,0,0,1,3,0,5,13,14,4,1,0,1,5,7,1,27,0
234,13.119,17,22,20,21,21,16,236.142,4,0,12,0,0,0,0,2,2,0,6,18,24,2,4,0,0,7,15,4,42,0
235,17.082,11,12,13,12,9,5,204.98,3,0,5,0,2,0,0,2,1,2,7,12,9,3,2,0,0,5,9,2,21,0
236,13.77,21,31,42,56,74,89,261.623,1,15,15,0,1,0,0,1,2,1,4,19,12,1,2,0,3,2,5,2,31,0
237,15.186,32,46,62,84,101,114,440.407,12,10,14,0,0,0,0,4,2,0,15,29,14,8,4,0,4,7,18,4,43,0
238,14.126,28,43,52,65,87,110,367.267,4,17,17,0,0,3,0,2,1,3,9,26,14,3,2,0,3,3,9,2,40,0
239,13.048,28,40,57,77,96,114,326.207,9,10,16,0,0,0,0,0,4,0,9,25,23,5,4,0,4,4,18,4,48,0
240,15.003,19,23,26,30,34,34,285.065,2,6,14,0,2,0,0,1,1,2,5,19,19,1,2,0,1,9,12,2,38,0
241,13.602,23,32,43,59,78,88,285.649,3,12,16,0,1,0,0,3,1,1,5,21,14,3,1,0,3,1,8,1,35,0
242,17.04,18,29,35,45,55,67,289.681,5,6,7,0,1,0,0,5,2,1,10,17,6,3,4,0,2,1,7,4,23,0
243,16.078,14,20,27,34,41,37,209.011,2,11,9,0,2,0,0,0,1,2,4,13,5,1,1,0,2,0,3,1,18,0
244,14.754,10,14,16,17,16,12,147.54,1,6,8,0,1,0,0,0,1,1,2,10,9,0,1,0,1,0,4,1,19,0
245,14.598,16,20,20,21,26,20,233.566,4,6,10,0,1,0,0,1,2,1,6,16,12,1,4,0,1,5,9,4,28,0
246,15.508,17,23,25,28,30,29,263.641,3,6,10,0,1,0,0,3,2,1,7,17,13,2,3,0,1,4,8,3,30,0
247,18.861,18,25,29,34,38,35,339.503,5,6,9,0,3,0,0,1,0,3,9,18,11,1,3,1,1,6,11,3,29,0
248,14.895,24,38,51,69,86,99,327.684,4,12,14,0,1,0,0,3,3,1,8,22,11,2,4,0,3,2,9,4,33,0
249,15.049,12,17,21,28,32,30,165.535,2,10,7,0,1,0,0,1,1,1,4,11,4,1,2,0,2,0,1,2,15,0
250,13.15,15,21,27,34,43,42,184.106,3,11,10,0,0,0,0,2,1,0,4,14,6,0,4,0,2,1,2,4,20,0
251,13.837,25,40,55,74,93,109,318.249,5,0,15,0,0,0,0,3,3,0,8,23,23,3,4,0,3,3,22,4,46,0
252,12.676,30,40,52,67,81,82,342.253,6,11,20,0,0,0,0,1,1,0,7,27,27,5,2,0,4,7,18,2,54,0
253,13.895,17,20,23,24,20,18,236.219,4,5,10,0,0,0,0,1,3,0,7,17,16,6,0,0,1,5,10,0,33,1
254,12.374,25,36,52,71,96,103,272.222,3,11,19,0,0,0,0,1,1,0,3,22,22,2,1,0,5,3,13,1,44,0
255,12.374,12,20,24,31,38,37,136.109,1,0,10,0,0,0,0,0,0,0,1,11,18,0,1,0,3,0,12,1,29,0
256,13.271,21,31,44,60,79,96,252.141,6,11,12,0,0,0,0,2,1,0,7,19,10,2,5,0,3,2,8,5,29,0
257,15.28,19,30,34,37,42,41,275.046,2,6,13,0,2,0,0,1,1,2,5,18,14,0,3,0,2,4,12,3,32,0
258,13.074,16,22,29,38,49,51,196.117,4,11,11,0,0,0,0,1,0,0,4,15,10,0,4,0,2,2,4,4,25,0
259,14.508,28,40,53,66,77,84,391.727,7,0,18,0,1,0,0,1,4,1,9,27,33,2,5,0,2,7,27,5,60,0
260,23.112,14,20,27,34,41,37,300.462,2,11,9,0,1,0,1,0,1,2,4,13,5,1,1,0,2,0,3,1,18,0
261,13.674,37,53,71,100,144,172,451.231,4,27,27,0,2,0,0,1,1,2,6,33,22,4,0,0,5,4,9,0,55,0
262,13.482,21,29,37,46,55,51,269.646,2,12,17,0,1,0,0,0,1,1,3,20,20,1,1,0,2,5,9,1,40,0
263,14.224,16,22,24,25,28,22,227.582,3,6,12,0,1,0,0,1,0,1,4,16,15,0,3,0,1,4,9,3,31,0
264,14.54,14,20,21,20,24,19,203.56,2,6,10,0,1,0,0,1,1,1,4,14,11,0,3,0,1,3,7,3,25,0
265,14.131,25,38,42,53,62,65,339.136,1,12,21,0,2,0,0,0,1,2,3,24,26,0,1,0,2,4,13,1,50,0
266,14.804,23,34,41,49,57,57,325.692,4,6,14,0,1,0,0,3,2,1,8,22,20,3,3,0,2,3,14,3,42,0
267,13.108,28,39,58,84,107,114,327.709,2,23,22,0,1,0,0,0,0,1,3,25,17,2,0,0,4,4,5,0,42,0
268,14.463,13,18,24,30,36,30,173.558,2,11,9,0,1,0,0,0,1,1,3,12,6,1,1,0,2,0,2,1,18,0
269,13.377,26,37,50,68,95,112,307.679,4,12,18,0,1,0,0,2,1,1,5,23,19,4,0,0,4,1,12,0,42,0
270,12.827,24,34,47,62,77,88,282.19,5,6,17,0,0,0,0,2,0,0,5,22,21,1,4,0,3,3,16,4,43,0
271,12.905,31,44,62,86,115,148,374.243,6,13,22,0,0,0,0,2,1,0,7,29,25,1,6,0,3,5,16,6,54,0
272,12.723,30,42,54,70,87,97,356.248,5,0,23,0,0,0,0,4,1,0,5,28,34,0,5,0,3,6,26,5,62,0
273,12.625,30,45,67,97,135,170,328.242,4,10,21,0,0,0,0,1,2,0,5,26,26,2,3,0,5,1,19,3,52,0
274,15.757,23,33,42,53,62,70,346.643,6,11,14,0,1,0,0,2,0,1,8,22,16,0,5,1,2,6,10,5,38,0
275,12.787,20,27,36,45,57,57,230.158,3,6,14,0,0,0,0,1,0,0,4,18,17,1,3,0,3,1,13,3,35,0
276,15.728,25,39,48,65,78,102,361.747,5,6,13,0,1,0,0,4,3,1,10,23,18,3,4,0,3,3,15,4,41,0
277,15.573,27,44,58,82,105,136,373.758,5,6,14,0,1,0,0,5,3,1,10,24,16,3,4,0,4,2,16,4,40,0
278,12.62,39,59,81,118,158,200,454.332,5,6,30,0,0,0,0,5,3,0,6,36,39,1,5,0,4,3,28,5,75,0
279,13.341,9,12,12,15,12,10,120.071,4,6,4,0,0,0,0,1,3,0,5,9,6,4,1,0,1,0,2,1,15,0
280,13.895,18,26,32,36,44,46,236.211,4,12,12,0,0,0,0,2,2,0,5,17,12,2,2,0,2,2,4,2,29,0
281,12.676,11,11,9,8,7,6,152.108,1,0,10,0,0,0,0,1,1,0,2,12,20,0,2,0,0,8,10,2,32,0
282,13.008,10,14,17,16,16,11,130.082,3,6,7,0,0,0,0,1,1,0,3,10,9,1,2,0,1,0,3,2,19,0
283,13.136,38,45,46,41,42,41,512.309,9,0,25,0,0,0,0,5,6,0,14,39,48,6,8,0,0,23,33,8,87,0
284,13.665,21,29,38,51,68,75,259.631,2,12,15,0,1,0,0,2,1,1,4,19,11,2,1,0,3,1,7,1,30,0
285,12.676,21,25,28,30,34,31,266.191,3,6,17,0,0,0,0,1,2,0,4,21,27,1,3,0,1,10,14,3,48,0
286,12.358,26,41,63,87,114,145,284.229,2,0,21,0,0,0,0,3,1,0,2,23,26,0,2,0,4,1,22,2,49,1
287,12.973,31,53,84,116,156,203,363.235,5,0,22,0,0,1,0,4,3,1,6,28,29,0,5,0,4,2,27,5,57,0
288,14.904,19,26,29,36,38,39,283.184,6,6,12,0,0,0,0,1,0,0,7,19,21,2,3,1,1,7,12,3,40,0
289,15.973,15,23,28,38,46,44,223.62,3,6,8,0,1,0,0,3,1,1,6,14,7,2,2,0,2,0,6,2,21,0
290,12.57,26,33,42,52,65,71,314.239,4,11,20,0,0,0,0,1,1,0,5,25,29,3,2,0,2,10,14,2,54,0
291,12.809,20,24,29,34,38,35,256.172,4,6,16,0,0,0,0,2,0,0,4,20,22,0,4,0,1,8,12,4,42,0
292,17.22,19,26,32,40,48,46,309.966,0,12,14,0,4,0,0,1,0,4,4,18,8,0,0,0,2,2,6,0,26,0
293,15.238,18,25,30,36,46,41,259.047,2,12,13,0,2,0,0,0,2,2,4,17,10,0,2,0,2,2,6,2,27,0
294,18.695,16,26,28,32,40,39,299.116,4,6,6,0,2,0,0,4,2,2,10,16,6,2,4,0,1,2,6,4,22,0
295,18.097,11,14,14,9,9,7,217.167,5,0,5,0,0,0,0,2,1,0,7,12,12,1,3,1,0,5,9,3,24,0
296,13.631,16,23,28,33,40,40,218.104,5,6,8,0,0,0,0,3,1,0,8,16,7,3,5,0,1,3,7,5,23,0
297,12.326,20,25,30,37,44,42,234.193,2,12,17,0,0,0,0,0,0,0,2,19,21,1,1,0,2,6,8,1,40,0
298,12.296,15,19,24,28,32,26,172.142,1,12,13,0,0,0,0,1,0,0,1,14,10,0,1,0,2,2,2,1,24,0
299,12.925,24,33,42,47,47,47,310.204,4,0,17,0,0,0,0,3,3,0,7,24,31,3,4,0,1,8,21,4,55,0
300,12.898,39,52,72,100,139,172,464.316,12,11,24,0,0,0,0,0,4,0,12,36,40,8,4,0,4,12,28,4,76,0
301,12.41,26,36,48,59,64,70,310.251,3,12,21,0,0,0,0,1,1,0,4,25,29,3,1,0,2,8,13,1,54,0
302,17.275,15,18,21,18,12,12,276.392,4,0,10,0,0,0,0,2,0,0,6,16,20,2,0,0,0,4,13,0,36,0
303,18.233,13,15,15,15,11,9,255.261,5,0,8,0,0,0,0,1,0,0,6,14,19,0,2,1,0,9,12,2,33,0
304,12.809,9,10,10,9,6,1,128.086,1,0,8,0,0,0,0,1,1,0,2,10,16,0,2,0,0,5,8,2,26,0
305,12.486,20,21,21,18,16,15,262.203,3,0,18,0,0,0,0,0,3,0,3,21,39,1,2,0,0,16,20,2,60,0
306,14.012,17,21,23,25,28,23,238.203,3,6,12,0,0,0,0,2,3,0,5,17,15,1,3,0,1,6,9,3,32,0
307,13.391,34,49,68,94,117,131,401.728,5,20,22,0,1,0,0,2,2,1,8,30,24,5,2,0,5,5,12,2,54,0
308,12.759,31,43,57,74,92,99,357.259,4,16,22,0,0,1,0,3,1,1,6,28,22,3,2,0,4,6,12,2,50,0
309,12.715,18,23,28,33,40,38,216.155,4,6,13,0,0,0,0,0,2,0,4,17,20,2,2,0,2,4,12,2,37,0
310,13.341,19,28,39,50,61,70,240.134,8,10,10,0,0,0,0,2,2,0,8,18,14,4,4,0,2,3,7,4,32,0
311,16.569,18,25,35,47,58,62,265.109,2,16,13,0,0,0,0,1,0,0,3,16,9,1,1,0,3,1,1,1,25,0
312,13.465,82,118,157,193,227,250,1036.767,18,22,51,0,0,0,0,10,4,0,26,77,64,12,12,0,6,7,50,12,141,0
313,14.6,23,36,46,61,81,88,306.606,2,6,14,0,1,3,0,1,1,4,7,21,9,1,2,0,3,0,15,2,30,1
314,12.221,22,33,50,73,100,120,232.201,1,20,17,0,0,0,0,0,1,0,2,19,14,2,0,0,4,0,2,0,33,0
315,12.771,21,26,31,34,37,33,268.183,4,0,17,0,0,0,0,4,2,0,4,21,26,0,4,0,1,10,17,4,47,0
316,13.008,22,34,48,70,92,108,260.16,5,12,15,0,0,0,0,2,3,0,5,20,10,0,5,0,3,0,8,5,30,0
317,13.182,25,36,50,67,90,104,303.188,6,11,15,0,0,1,0,2,2,1,8,23,17,4,3,0,3,3,12,3,40,0
318,12.95,18,25,32,43,50,51,220.147,6,11,11,0,0,0,0,0,0,0,6,17,14,4,2,0,2,3,7,2,31,0
319,12.625,29,44,61,87,117,147,328.238,4,6,22,0,0,0,0,2,0,0,4,26,28,0,4,0,4,2,21,4,54,0
320,12.471,29,43,61,85,115,143,324.25,3,6,23,0,0,0,0,1,1,0,3,26,32,0,3,0,4,4,22,3,58,0
321,12.581,24,38,56,78,106,131,264.195,3,6,18,0,0,0,0,0,3,0,3,21,24,0,3,0,4,0,18,3,45,0
322,15.318,19,26,32,35,40,41,291.045,3,6,13,0,2,0,0,3,1,2,6,19,12,0,4,0,1,6,10,4,31,0
323,12.866,13,14,15,12,9,8,180.122,4,0,10,0,0,0,0,0,4,0,4,14,24,2,2,0,0,9,13,2,38,0
324,12.842,12,15,18,21,21,15,154.104,2,6,9,0,0,0,0,1,1,0,3,12,11,1,2,0,1,3,5,2,23,0
325,19.069,18,23,24,25,18,19,362.311,8,0,9,0,0,0,0,2,0,0,10,19,22,0,4,2,0,12,16,4,41,0
326,12.809,16,22,30,38,41,41,192.133,2,6,11,0,0,0,0,2,1,0,4,15,12,2,2,0,2,2,8,2,27,0
327,12.385,17,25,30,41,51,54,198.16,2,6,14,0,0,0,0,1,1,0,2,16,19,1,1,0,2,2,10,1,35,0
328,15.515,17,25,30,38,49,56,248.244,5,10,9,0,0,0,0,2,1,0,7,16,10,2,3,0,2,3,5,3,26,0
329,17.997,10,18,18,9,0,0,197.963,3,0,2,0,0,0,0,2,5,0,9,11,8,0,7,2,0,2,8,7,19,0
330,12.778,13,16,18,20,22,17,166.115,3,6,10,0,0,0,0,0,3,0,3,13,15,1,2,0,1,4,7,2,28,0
331,12.676,23,34,49,70,91,111,266.191,2,10,17,0,0,0,0,1,2,0,4,21,21,1,3,0,3,4,12,3,42,0
332,12.367,30,42,56,74,89,96,346.284,4,17,24,0,0,0,0,1,0,0,4,28,31,3,1,0,3,7,12,1,59,0
333,13.184,17,21,22,25,30,28,224.131,4,6,11,0,0,0,0,2,2,0,6,17,14,2,4,0,1,5,9,4,31,0
334,12.509,17,22,26,32,38,36,200.152,1,12,14,0,0,0,0,1,1,0,2,16,12,0,2,0,2,3,4,2,28,0
335,14.604,26,37,51,69,88,101,365.107,5,6,18,0,2,0,0,4,1,2,7,25,19,1,4,0,2,4,16,4,44,0
336,13.631,23,31,39,51,63,70,286.251,4,16,15,0,0,0,0,1,2,0,6,21,13,3,2,0,3,3,6,2,34,0
337,12.641,20,26,31,36,44,44,240.173,2,12,16,0,0,0,0,2,1,0,3,19,14,0,3,0,2,5,6,3,33,0
338,13.587,26,37,43,49,59,56,339.669,4,12,20,0,1,0,0,2,0,1,5,25,21,0,4,0,2,6,12,4,46,0
339,16.451,16,22,26,27,29,29,263.215,5,6,10,0,0,0,0,1,0,0,6,16,15,0,3,1,1,5,9,3,31,0
340,13.618,30,41,52,64,79,83,367.683,5,12,20,0,1,0,0,1,0,1,7,27,21,2,4,0,4,5,17,4,48,0
341,13.372,24,34,43,57,60,70,294.18,7,16,13,0,0,2,0,0,1,2,9,22,12,6,1,0,3,5,8,1,34,0
342,13.896,9,12,13,13,14,8,125.062,3,6,4,0,0,1,0,1,2,1,5,9,4,3,1,0,1,0,2,1,13,0
343,13.042,33,55,83,113,154,201,391.245,6,0,23,0,0,1,0,4,2,1,7,30,31,0,6,0,4,3,29,6,61,0
344,13.558,21,30,35,42,50,48,271.153,2,12,14,0,0,3,0,1,2,3,6,20,10,1,2,0,2,3,8,2,30,0
345,13.145,24,35,49,67,88,111,289.181,5,11,15,0,0,1,0,2,0,1,7,22,14,3,3,0,3,2,11,3,36,0
346,13.113,21,32,45,64,90,107,249.156,3,11,14,0,0,1,0,2,1,1,5,19,12,1,3,0,3,1,8,3,31,0
347,13.195,36,63,98,149,214,283,422.254,6,0,24,0,0,2,0,4,2,2,8,32,30,0,6,0,5,2,32,6,62,0
348,12.861,30,52,81,112,154,202,347.236,4,0,22,0,0,1,0,4,2,1,5,27,29,0,4,0,4,1,26,4,56,0
349,14.117,9,12,13,13,14,8,127.054,2,6,4,0,0,1,0,2,2,1,5,9,3,2,2,0,1,0,1,2,12,0
350,12.842,19,26,33,39,46,47,231.161,1,12,15,0,0,1,0,1,1,1,3,18,13,0,2,0,2,3,6,2,31,0
351,12.695,39,55,75,97,124,138,444.335,3,18,29,0,0,2,0,1,1,2,6,35,31,3,1,0,5,7,20,1,66,0
352,13.954,19,28,31,36,44,39,265.126,3,6,11,0,0,3,0,2,1,3,8,19,11,2,3,0,1,3,11,3,30,0
353,12.548,28,39,53,71,84,86,326.246,3,17,22,0,0,0,0,2,1,0,4,26,21,1,3,0,3,5,9,3,47,0
354,13.247,49,64,67,77,84,78,662.366,12,0,34,0,0,0,0,6,8,0,16,50,59,1,15,0,0,29,43,15,109,0
355,15.222,22,32,38,47,52,61,319.661,5,11,12,0,1,0,0,3,3,1,9,21,11,2,5,0,2,5,8,5,32,0
356,12.778,13,16,18,19,22,21,166.115,2,6,10,0,0,0,0,1,1,0,3,13,13,1,2,0,1,4,6,2,26,0
357,12.676,24,37,55,82,119,156,266.191,4,6,17,0,0,0,0,1,1,0,4,21,21,1,3,0,4,1,17,3,42,0
358,13.452,19,26,34,43,50,57,242.13,8,10,9,0,0,0,0,1,4,0,9,18,13,5,4,0,2,5,8,4,31,0
359,12.676,18,25,27,25,28,23,228.162,2,6,15,0,0,0,0,1,1,0,3,18,22,0,3,0,1,6,11,3,40,0
360,13.461,11,15,17,19,20,12,148.073,3,6,7,0,0,0,0,1,3,0,4,11,6,0,4,0,1,1,4,4,17,0
361,13.739,24,35,43,55,59,68,302.25,4,6,15,0,0,0,0,3,2,0,7,22,21,3,3,0,3,3,15,3,43,0
362,13.422,36,51,63,76,83,87,456.354,5,6,24,0,0,0,0,6,3,0,10,34,34,4,5,0,3,7,24,5,68,0
363,13.494,33,45,53,62,71,73,418.329,6,12,21,0,0,0,0,4,3,0,10,31,27,5,4,0,3,7,17,4,58,0
364,14.115,35,48,58,70,80,79,465.789,5,12,23,0,1,0,0,4,3,1,10,33,28,3,5,0,3,8,19,5,61,0
365,13.985,26,40,61,87,117,147,335.634,6,6,17,0,1,0,0,3,0,1,7,24,17,0,6,0,3,3,17,6,41,0
366,12.011,16,23,30,37,44,52,180.165,0,10,15,0,0,0,0,0,0,0,0,15,18,0,0,0,2,1,6,0,33,0
367,13.15,14,17,20,21,23,20,184.106,4,6,10,0,0,0,0,0,2,0,4,14,14,0,4,0,1,5,8,4,28,0
368,13.712,22,32,44,58,70,69,274.24,4,11,14,0,0,0,0,2,1,0,6,20,17,3,2,0,3,2,9,2,37,0
369,13.565,28,39,48,55,70,73,352.687,3,12,21,0,1,1,0,1,1,2,5,26,23,1,2,0,3,6,15,2,49,0
370,21.664,19,35,59,86,112,137,368.281,0,0,10,0,7,0,0,2,0,7,7,17,5,0,0,0,3,0,17,0,22,0
371,13.099,24,35,47,63,78,93,288.17,6,12,16,0,0,0,0,1,3,0,6,22,14,0,6,0,3,2,11,6,36,0
372,19.089,22,33,44,52,64,66,400.859,2,12,13,0,6,0,0,0,2,6,8,21,6,0,2,0,2,2,10,2,27,0
373,12.41,21,28,36,44,53,50,248.196,2,12,18,0,0,0,0,0,2,0,2,20,22,0,2,0,2,5,9,2,42,0
374,12.261,24,31,34,43,48,55,294.252,3,0,21,0,0,0,0,0,1,0,3,24,45,3,0,0,1,12,24,0,69,0
375,12.95,18,27,38,45,52,49,220.143,3,0,12,0,0,0,0,4,1,0,5,17,16,2,3,0,2,1,14,3,33,0
376,12.676,12,16,18,18,20,20,152.108,2,7,10,0,0,0,0,1,1,0,2,12,12,0,2,0,1,1,4,2,24,0
377,12.866,13,14,11,10,9,8,180.122,2,0,10,0,0,0,0,2,2,0,4,14,20,2,2,0,0,7,11,2,34,0
378,13.292,27,37,52,69,91,108,332.299,5,16,20,0,0,0,0,1,2,0,5,25,24,2,2,0,3,7,10,2,49,0
379,17.04,18,29,35,45,55,67,289.681,5,6,7,0,1,0,0,4,3,1,10,17,8,3,4,0,2,1,8,4,25,0
380,12.778,29,48,73,102,136,174,332.226,5,0,21,0,0,0,0,3,3,0,5,26,30,0,5,0,4,2,26,5,56,0
381,12.836,32,52,76,106,143,184,372.247,6,0,23,0,0,0,0,4,2,0,6,29,32,0,6,0,4,3,28,6,61,0
382,16.162,21,35,41,54,73,82,323.233,5,6,8,0,0,3,0,4,3,3,12,20,8,3,4,0,2,1,11,4,28,0
383,14.405,4,4,2,0,0,0,72.023,2,0,1,0,0,0,0,1,3,0,4,5,4,2,2,0,0,0,3,2,9,0
384,12.48,18,26,35,47,60,63,212.167,3,10,14,0,0,0,0,1,0,0,3,17,18,2,1,0,2,3,7,1,35,0
385,12.543,15,20,22,24,26,25,188.141,1,6,13,0,0,0,0,1,1,0,2,15,18,0,2,0,1,4,8,2,33,0
386,12.48,17,22,26,29,30,24,212.167,2,6,14,0,0,0,0,1,1,0,3,17,22,2,1,0,1,5,10,1,39,0
387,20.177,18,26,34,42,50,54,343.012,6,6,9,0,0,0,1,2,3,1,8,17,11,2,5,0,2,2,10,5,28,0
388,17.569,14,18,22,25,27,20,245.969,2,0,7,0,2,0,0,1,1,2,7,14,15,2,2,1,1,5,13,2,29,0
389,12.724,15,20,25,29,36,33,178.13,3,12,10,0,0,0,0,1,2,0,4,14,9,3,1,0,2,1,2,1,23,0
390,14.571,26,39,50,65,79,85,349.714,4,12,16,0,1,0,0,3,2,1,8,24,16,3,3,0,3,3,11,3,40,0
391,12.555,12,16,22,28,30,28,138.105,1,10,9,0,0,0,0,0,2,0,2,11,9,1,1,0,2,1,2,1,20,0
392,13.667,27,39,53,73,98,116,341.665,4,16,19,0,1,0,0,2,1,1,6,25,16,1,4,0,3,4,9,4,41,0
393,12.676,23,33,45,57,70,80,266.191,2,12,17,0,0,0,0,2,1,0,4,21,15,1,3,0,3,3,9,3,36,0
394,30.147,14,20,27,34,41,37,391.913,2,11,9,0,0,0,2,0,1,2,4,13,5,1,1,0,2,0,3,1,18,0
395,23.38,34,47,60,75,92,107,794.933,9,6,19,0,0,0,3,3,8,3,15,34,26,3,9,0,1,12,25,9,60,0
396,32.873,17,24,30,33,37,37,558.838,2,6,11,0,0,0,3,1,2,3,6,17,12,1,2,0,1,4,10,2,29,0
397,23.966,32,44,56,69,82,93,766.923,8,6,18,0,0,0,3,3,6,3,14,32,24,3,8,0,1,11,23,8,56,0
398,33.107,35,50,63,80,85,88,1125.652,4,12,20,0,0,0,6,4,4,6,14,34,14,2,6,0,2,9,19,6,48,0
399,29.017,44,64,87,114,133,152,1247.715,7,12,24,0,0,0,6,6,6,6,19,43,21,5,8,0,2,10,26,8,64,0
400,12.581,23,32,42,56,71,79,264.195,3,17,18,0,0,0,0,1,0,0,3,21,16,0,3,0,3,3,5,3,37,0
401,13.008,17,25,34,45,54,58,208.136,5,10,10,0,0,0,0,2,1,0,6,16,14,4,2,0,2,2,5,2,30,0
402,12.832,18,23,27,31,32,28,218.151,4,11,12,0,0,0,0,1,2,0,5,17,13,3,2,0,2,4,6,2,30,0
403,16.081,27,37,47,58,64,70,402.023,3,17,18,0,4,0,0,0,0,4,7,25,14,2,1,0,3,6,10,1,39,0
404,13.009,10,12,14,14,14,9,130.086,3,6,6,0,0,0,0,1,2,0,4,10,7,3,1,0,1,1,3,1,17,0
405,12.971,29,42,58,83,105,128,350.225,8,10,19,0,0,0,0,4,1,0,8,27,21,3,5,0,3,4,15,5,48,0
406,13.888,17,22,28,35,39,39,222.204,3,11,12,0,0,0,0,1,2,0,4,16,11,1,2,0,2,3,5,2,27,0
407,12.723,14,17,19,18,19,16,178.126,2,6,11,0,0,0,0,1,2,0,3,14,15,1,2,0,1,4,7,2,29,0
408,13.619,55,79,108,142,173,208,667.343,12,28,35,0,2,0,0,1,0,2,14,49,38,8,4,0,7,11,26,4,87,0
409,14.135,50,71,89,112,132,151,664.322,6,16,36,1,0,0,0,5,4,1,11,47,45,4,6,0,4,3,29,6,92,0
410,15.805,23,34,48,70,97,120,316.093,1,16,16,1,0,0,0,1,2,1,4,20,11,2,1,0,4,0,6,1,31,0
411,13.85,17,24,34,42,46,38,221.602,2,6,13,0,1,0,0,1,1,1,3,16,16,1,1,0,2,2,10,1,32,0
412,12.641,20,27,34,39,46,45,240.173,2,12,16,0,0,0,0,2,1,0,3,19,14,0,3,0,2,4,6,3,33,0
413,13.06,21,31,46,68,88,105,248.149,5,15,14,0,0,0,0,1,0,0,5,19,12,0,5,0,3,2,5,5,31,0
414,12.884,18,24,32,41,43,46,206.144,5,15,10,0,0,0,0,0,2,0,6,16,9,5,1,0,3,3,3,1,25,0
415,13.208,28,40,57,76,90,110,330.195,10,15,15,0,0,0,0,0,4,0,10,25,17,5,5,0,4,5,13,5,42,0
416,13.008,15,21,27,34,43,42,182.114,2,11,10,0,0,0,0,2,2,0,4,14,7,1,3,0,2,1,2,3,21,0
417,15.565,17,24,31,38,45,43,249.04,5,12,9,0,2,0,0,0,2,2,7,16,7,5,0,0,2,1,5,0,23,0
418,13.167,77,120,171,235,311,391,908.519,20,0,49,0,0,0,0,3,8,0,20,69,76,0,20,0,9,11,74,20,145,0
419,14.21,27,39,47,59,74,80,355.256,4,16,16,0,0,3,0,1,1,3,9,25,14,3,2,0,3,5,10,2,39,0
420,12.581,13,13,11,10,9,8,176.13,1,0,12,0,0,0,0,1,1,0,2,14,24,0,2,0,0,10,12,2,38,0
421,13.744,20,29,34,39,40,44,261.138,3,11,12,0,0,3,0,1,1,3,7,19,9,2,2,0,2,2,8,2,28,0
422,12.676,39,53,66,81,100,99,456.346,3,18,30,0,0,2,0,1,1,2,6,36,35,3,1,0,4,9,20,1,71,0
423,12.344,34,48,69,100,138,164,370.306,3,24,26,0,0,0,0,1,0,0,4,30,21,3,1,0,5,5,9,1,51,0
424,12.41,27,36,46,55,66,63,310.247,3,12,22,0,0,0,0,1,1,0,3,25,27,1,2,0,3,6,14,2,52,0
425,12.676,32,46,60,81,111,138,380.27,5,12,25,0,0,0,0,3,3,0,5,30,28,0,5,0,3,5,17,5,58,0
426,13.322,30,42,58,79,107,128,359.707,3,12,22,0,1,0,0,2,0,1,5,27,23,2,2,0,4,1,16,2,50,0
427,12.878,24,31,39,47,49,50,296.201,6,11,16,0,0,0,0,1,2,0,7,23,22,4,3,0,2,9,12,3,45,0
428,12.106,24,35,54,81,118,144,254.227,1,12,20,0,0,0,0,0,1,0,1,21,23,1,0,0,5,4,12,0,44,0
429,12.625,14,19,24,31,33,29,164.123,2,6,10,0,0,0,0,2,0,0,3,13,10,2,1,0,2,1,6,1,23,0
430,12.565,19,26,33,39,45,44,226.17,2,12,15,0,0,0,0,1,2,0,3,18,15,1,2,0,2,3,6,2,33,0
431,12.809,20,24,27,27,30,29,256.176,4,6,15,0,0,0,0,1,1,0,5,20,24,2,3,0,1,9,13,3,44,0
432,13.698,12,15,17,14,10,6,178.079,6,0,7,0,0,0,0,0,6,0,6,13,17,1,5,0,0,6,12,5,30,0
433,12.625,14,20,27,34,41,37,164.119,2,6,11,0,0,0,0,3,0,0,2,13,8,0,2,0,2,0,5,2,21,0
434,12.759,17,25,36,45,50,46,204.144,2,6,12,0,0,0,0,2,1,0,4,16,14,2,2,0,2,2,9,2,30,0
435,13.057,27,39,56,79,112,126,300.301,3,12,20,0,0,0,0,0,0,0,3,23,22,2,0,0,6,2,15,0,45,0
436,16.301,14,21,22,26,30,28,228.214,6,5,5,0,0,0,0,4,1,0,9,14,8,4,3,0,1,1,5,3,22,0
437,12.809,12,18,24,36,48,52,128.094,4,0,6,0,0,0,0,0,0,0,4,10,12,4,0,0,4,0,12,0,22,0
438,13.301,17,21,23,25,28,23,226.123,5,6,11,0,0,0,0,1,2,0,6,17,15,1,5,0,1,6,10,5,32,0
439,13.099,35,49,60,74,93,101,432.271,10,17,20,0,0,0,0,3,5,0,13,33,22,8,5,0,3,9,15,5,55,0
440,13.008,18,26,37,52,67,75,208.128,4,15,12,0,0,0,0,1,0,0,4,16,8,0,4,0,3,1,2,4,24,0
441,15.74,22,31,38,48,56,58,330.533,2,12,16,0,3,0,0,0,0,3,5,21,15,0,2,0,2,4,10,2,36,0
442,17.458,21,34,44,56,70,88,349.156,5,6,9,0,2,0,0,4,2,2,11,20,11,3,4,0,2,2,11,4,31,0
443,13.821,23,32,42,54,63,75,290.239,5,15,14,0,0,0,0,2,2,0,7,21,11,3,3,0,3,3,6,3,32,0
444,12.57,28,41,59,83,114,142,314.239,3,10,20,0,0,0,0,2,3,0,5,25,25,3,2,0,4,4,16,2,50,0
445,12.75,30,50,76,108,145,189,344.237,5,0,22,0,0,0,0,4,3,0,5,27,30,0,5,0,4,2,26,5,57,0
446,15.426,18,29,35,45,55,67,262.247,4,6,10,0,0,0,0,4,1,0,7,17,13,1,4,0,2,1,8,4,30,0
447,14.571,26,40,53,72,92,108,349.714,4,12,16,0,1,0,0,3,2,1,8,24,16,3,3,0,3,2,11,3,40,0
448,13.507,12,16,20,24,22,17,162.084,5,5,6,0,0,0,0,1,1,0,6,12,9,3,3,0,1,3,6,3,21,0
449,12.48,18,25,32,36,40,34,212.167,3,12,14,0,0,0,0,1,0,0,3,17,14,2,1,0,2,3,5,1,31,0
450,16.081,27,37,46,57,65,70,402.023,3,17,18,0,4,0,0,0,0,4,7,25,14,2,1,0,3,6,10,1,39,0
451,12.634,17,23,30,37,45,44,202.152,3,12,12,0,0,0,0,1,1,0,4,16,9,3,1,0,2,1,3,1,25,1
452,12.942,16,22,28,33,40,39,194.133,6,6,9,0,0,0,0,1,3,0,6,15,15,5,1,0,2,1,9,1,30,0
453,12.31,23,33,47,67,94,112,246.208,3,12,17,0,0,0,0,0,0,0,3,20,19,3,0,0,4,0,11,0,39,0
454,17.22,19,26,33,42,50,44,309.966,0,12,14,0,4,0,0,0,0,4,4,18,10,0,0,0,2,3,7,0,28,0
455,13.008,34,46,64,90,122,145,416.264,10,12,22,0,0,0,0,2,8,0,10,32,28,4,6,0,3,12,20,6,60,0
456,13.978,19,24,28,31,36,32,251.608,3,6,13,0,1,0,0,1,1,1,5,18,17,2,2,0,2,4,12,2,35,0
457,13.138,25,40,56,66,72,88,302.177,7,0,16,0,0,0,0,3,2,0,7,23,23,1,6,0,3,0,22,6,46,0
458,12.866,15,20,27,36,41,44,180.118,3,6,11,0,0,0,0,1,0,0,3,14,12,0,3,0,2,3,8,3,26,0
459,13.341,11,14,13,8,8,8,160.092,2,0,6,0,0,0,0,3,0,0,6,12,12,4,2,0,0,0,8,2,24,0
460,12.438,14,18,22,24,24,20,174.138,1,6,12,0,0,0,0,1,0,0,2,14,17,1,1,0,1,3,7,1,31,0
461,12.709,20,25,28,30,32,33,254.184,3,6,15,0,0,0,0,2,2,0,5,20,23,3,2,0,1,7,12,2,43,0
462,14.511,15,18,19,18,18,14,232.176,4,0,9,0,0,0,0,3,3,0,7,16,16,2,4,0,0,8,12,4,32,0
463,12.598,19,27,38,51,67,79,214.163,2,15,13,0,0,0,0,1,2,0,4,17,11,3,1,0,3,1,3,1,28,0
464,12.634,17,22,27,33,38,34,202.148,2,12,13,0,0,0,0,1,2,0,3,16,11,1,2,0,2,3,4,2,27,0
465,12.971,30,42,59,78,95,111,350.229,9,16,18,0,0,0,0,0,4,0,9,27,21,5,4,0,4,6,14,4,48,0
466,13.092,27,39,56,76,91,112,314.196,9,10,15,0,0,0,0,0,4,0,9,24,21,5,4,0,4,4,17,4,45,0
467,12.48,18,24,29,36,48,49,212.163,2,11,15,0,0,0,0,1,0,0,2,17,16,0,2,0,2,4,6,2,33,0
468,13.047,29,44,63,90,129,162,339.217,5,11,19,0,0,1,0,2,2,1,7,26,21,2,4,0,4,2,16,4,47,0
469,12.827,23,33,37,45,60,60,282.19,5,6,17,0,0,0,0,0,4,0,5,22,27,1,4,0,2,5,17,4,49,0
470,12.95,18,26,35,46,60,64,220.143,4,11,12,0,0,0,0,2,1,0,5,17,12,2,3,0,2,2,5,3,29,0
471,13.265,36,48,62,77,91,93,437.761,7,17,25,0,1,0,0,1,0,1,8,33,32,5,2,0,4,10,18,2,65,0
472,12.61,23,34,48,68,93,110,252.192,4,12,15,0,0,0,0,1,1,0,5,20,14,4,1,0,4,1,10,1,34,0
473,12.736,23,28,32,35,39,32,280.202,4,12,16,0,0,0,0,2,3,0,6,22,18,4,2,0,2,7,9,2,40,0
474,15.193,22,31,38,45,55,51,319.059,4,12,13,0,2,0,0,2,2,2,8,21,8,2,4,0,2,3,8,4,29,0
475,13.128,26,37,51,70,90,102,328.195,7,6,17,0,0,0,0,5,1,0,8,25,18,2,6,0,2,4,15,6,43,0
476,12.705,25,35,48,62,74,76,292.213,5,17,17,0,0,0,0,2,1,0,6,23,16,4,2,0,3,3,6,2,39,0
477,13.657,21,30,35,42,50,48,273.149,3,12,13,0,0,3,0,1,2,3,7,20,9,2,2,0,2,3,8,2,29,0
478,13.961,23,37,46,60,71,73,307.143,4,6,12,0,0,3,0,3,1,3,10,22,10,3,4,0,2,2,14,4,32,0
479,14.106,22,31,34,43,55,56,296.219,5,12,13,0,0,0,0,3,1,0,8,21,12,2,5,0,2,5,7,5,33,0
480,13.075,31,43,55,75,95,111,392.238,8,6,21,0,0,0,0,5,1,0,9,30,26,2,7,0,2,8,20,7,56,0
481,13.119,9,11,12,12,12,7,118.071,2,0,6,0,0,0,0,1,2,0,3,9,11,1,2,0,1,1,8,2,20,0
482,13.008,29,41,54,74,96,110,364.228,7,6,20,0,0,0,0,5,1,0,8,28,24,2,6,0,2,6,18,6,52,0
483,12.866,23,32,42,55,74,87,270.183,4,12,15,0,0,0,0,3,1,0,6,21,11,3,3,0,3,2,8,3,32,0
484,13.085,27,38,51,69,88,99,340.206,7,6,18,0,0,0,0,5,1,0,8,26,20,2,6,0,2,5,16,6,46,0
485,13.74,15,21,24,27,36,34,206.093,5,6,7,0,0,0,0,3,1,0,8,15,5,3,5,0,1,3,6,5,20,0
486,12.736,23,32,38,42,51,48,280.194,4,12,18,0,0,0,0,0,4,0,4,22,22,0,4,0,2,5,11,4,44,0
487,12.374,25,40,60,81,108,138,272.218,2,0,20,0,0,0,0,2,1,0,2,22,26,0,2,0,4,0,22,2,48,1
488,13.931,22,31,41,55,73,81,278.629,2,12,15,0,1,1,0,2,1,2,5,20,10,2,1,0,3,1,8,1,30,0
489,13.008,34,51,78,116,157,197,390.242,8,12,22,0,0,0,0,1,0,0,8,30,23,1,7,0,5,4,21,7,53,0
490,12.918,23,30,36,42,50,48,284.186,4,12,16,0,0,0,0,2,2,0,6,22,16,2,4,0,2,7,9,4,38,0
491,14.167,27,43,54,71,95,117,354.165,3,16,15,0,0,6,0,1,2,6,10,25,8,2,2,0,3,1,10,2,33,0
492,12.787,20,27,35,46,54,56,230.166,5,10,12,0,0,0,0,0,2,0,6,18,17,5,1,0,3,3,10,1,35,0
493,12.787,20,27,35,46,54,56,230.166,5,16,12,0,0,0,0,0,2,0,6,18,11,5,1,0,3,3,4,1,29,0
494,13.124,29,44,63,90,129,162,341.213,6,11,18,0,0,1,0,2,1,1,8,26,20,3,4,0,4,2,16,4,46,0
495,13.286,25,36,49,68,92,112,292.282,5,11,17,0,0,0,0,2,1,0,5,22,20,4,0,0,4,1,12,0,42,0
496,13.595,26,37,50,63,77,85,326.272,5,16,17,0,0,0,0,1,1,0,7,24,19,3,3,0,3,5,9,3,43,0
497,13.178,46,76,116,165,219,287,540.307,12,0,29,0,0,0,0,2,8,0,12,41,44,0,12,0,6,4,44,12,85,0
498,12.909,21,29,36,46,61,66,258.172,5,6,14,0,0,0,0,1,3,0,6,20,21,3,3,0,2,5,14,3,41,0
499,12.593,24,30,39,41,38,34,302.224,4,6,20,0,0,0,0,1,0,0,4,24,33,1,3,0,1,12,17,3,57,0
500,12.539,35,49,57,65,68,68,426.326,4,12,28,0,0,0,0,2,1,0,6,34,41,3,3,0,2,12,21,3,75,0
501,12.543,16,20,24,27,22,21,188.145,2,0,12,0,0,0,0,1,0,0,3,15,18,2,1,0,2,2,14,1,33,1
502,12.715,18,24,31,37,43,41,216.151,3,12,14,0,0,0,0,1,1,0,3,17,12,0,3,0,2,3,5,3,29,0
503,12.736,22,27,32,34,39,41,280.198,5,6,17,0,0,0,0,1,1,0,5,22,28,2,3,0,1,10,15,3,50,0
504,12.676,26,36,50,69,90,102,304.22,3,12,19,0,0,0,0,2,1,0,5,24,20,2,3,0,3,5,12,3,44,0
505,13.462,12,17,22,29,30,30,148.081,3,9,5,0,0,0,0,2,3,0,6,11,4,4,2,0,2,0,1,2,15,0
506,13.28,11,15,17,19,18,16,146.081,3,6,7,0,0,0,0,1,3,0,4,11,7,1,3,0,1,1,4,3,18,0
507,13.008,8,10,10,10,12,5,104.064,2,0,6,0,0,0,0,4,0,0,2,8,4,0,2,0,1,0,4,2,12,0
508,12.486,20,20,19,18,17,15,262.203,2,0,18,0,0,0,0,1,2,0,3,21,37,1,2,0,0,16,19,2,58,0
509,13.293,13,17,18,14,10,8,186.102,4,0,9,0,0,0,0,1,4,0,5,14,19,1,4,0,0,6,12,4,33,0
510,15.44,8,10,10,10,12,5,123.518,1,6,6,0,1,0,0,0,1,1,2,8,5,0,1,0,1,0,2,1,13,0
511,13.239,14,21,29,37,41,43,172.103,5,10,7,0,0,0,0,2,1,0,6,13,8,4,2,0,2,0,2,2,21,0
512,13.34,12,18,23,26,23,15,160.084,4,0,8,0,0,0,0,3,1,0,4,12,10,0,4,0,1,2,9,4,22,0
513,13.844,26,39,52,72,90,101,332.252,5,6,16,0,0,0,0,3,2,0,8,24,18,2,5,0,3,5,17,5,42,0
514,13.008,21,30,40,52,61,68,260.168,7,10,13,0,0,0,0,3,0,0,7,20,18,4,3,0,2,5,8,3,38,0
515,13.992,30,41,55,74,100,110,377.771,5,12,21,0,1,0,0,0,1,1,6,27,26,3,1,0,4,6,18,1,53,0
516,12.931,44,70,106,146,193,248,504.321,9,0,30,0,0,0,0,3,3,0,9,39,44,0,9,0,6,5,41,9,83,0
517,12.778,13,16,17,20,22,19,166.115,2,6,10,0,0,0,0,1,1,0,3,13,13,1,2,0,1,3,6,2,26,0
518,12.296,16,22,30,40,54,55,172.146,2,16,12,0,0,0,0,0,0,0,2,14,8,2,0,0,3,0,0,0,22,0
519,12.48,19,27,39,54,66,70,212.163,2,12,15,0,0,0,0,2,0,0,2,17,10,0,2,0,3,1,5,2,27,0
520,12.95,18,26,37,47,50,49,220.143,3,6,12,0,0,0,0,3,2,0,5,17,12,2,3,0,2,2,9,3,29,0
521,12.676,27,40,58,83,114,135,304.216,4,18,20,0,0,0,0,1,2,0,4,24,14,0,4,0,4,2,8,4,38,0
522,12.778,13,15,15,16,17,13,166.115,2,6,10,0,0,0,0,1,1,0,3,13,13,1,2,0,1,4,6,2,26,0
523,12.676,12,14,14,15,16,13,152.108,1,6,10,0,0,0,0,1,1,0,2,12,12,0,2,0,1,4,5,2,24,0
524,12.779,13,16,16,19,18,15,166.123,1,6,8,0,0,0,0,2,3,0,5,13,11,5,0,0,1,1,5,0,24,0
525,12.531,25,34,48,67,86,96,288.221,2,12,19,0,0,0,0,2,0,0,4,23,20,2,2,0,3,5,11,2,43,0
526,13.008,21,29,35,43,46,45,260.16,5,12,15,0,0,0,0,1,4,0,5,20,14,0,5,0,2,4,8,5,34,0
527,14.457,29,41,51,63,70,71,390.337,6,17,17,0,0,0,0,4,3,0,10,27,13,3,5,0,3,6,8,5,40,0
528,14.349,17,23,29,37,40,39,229.586,6,6,9,0,1,0,0,1,2,1,7,16,12,5,1,0,2,2,10,1,28,0
529,13.28,26,49,80,132,193,270,292.158,7,0,15,0,0,0,0,2,2,0,7,22,18,0,7,0,5,1,24,7,40,0
530,12.565,18,24,25,26,30,27,226.178,3,6,13,0,0,0,0,1,2,0,5,18,19,5,0,0,1,2,10,0,37,1
531,13.208,10,13,14,16,13,9,132.078,2,0,6,0,0,0,0,2,1,0,4,10,10,2,2,0,1,2,8,2,20,0
532,12.733,32,45,60,75,95,102,369.27,5,17,23,0,0,1,0,2,0,1,6,29,24,3,2,0,4,5,13,2,53,0
533,13.771,27,39,49,65,86,102,344.263,5,12,17,0,0,0,0,3,2,0,8,25,18,2,5,0,3,5,12,5,43,0
534,13.074,34,51,77,112,153,200,392.234,8,12,22,0,0,0,0,1,1,0,8,30,22,0,8,0,5,4,21,8,52,0
535,12.783,34,52,70,97,138,174,396.269,6,17,25,0,0,0,0,3,3,0,6,31,24,0,6,0,4,3,14,6,55,0
536,13.603,23,35,46,64,86,104,285.653,5,16,15,0,1,0,0,0,1,1,6,21,16,5,0,0,3,1,7,0,37,0
537,12.635,18,25,35,47,57,62,202.156,5,16,11,0,0,0,0,0,1,0,5,16,9,5,0,0,3,1,2,0,25,0
538,12.676,23,32,43,55,69,69,266.191,3,12,17,0,0,0,0,4,1,0,4,21,11,1,3,0,3,2,7,3,32,0
539,12.851,19,24,24,27,32,28,244.165,4,6,14,0,0,0,0,1,3,0,5,19,22,2,3,0,1,7,12,3,41,0
540,12.778,29,48,73,102,136,174,332.226,5,0,21,0,0,0,0,4,3,0,5,26,28,0,5,0,4,2,25,5,54,0
541,12.836,32,52,76,106,143,184,372.247,6,0,23,0,0,0,0,5,2,0,6,29,30,0,6,0,4,3,27,6,59,0
542,12.778,29,48,73,102,136,174,332.226,5,0,21,0,0,0,0,5,2,0,5,26,26,0,5,0,4,2,24,5,52,0
543,12.759,17,24,35,43,44,39,204.144,2,6,12,0,0,0,0,2,2,0,4,16,14,2,2,0,2,2,9,2,30,0
544,14.011,19,26,32,35,38,38,266.213,3,6,13,0,0,0,0,3,1,0,6,19,19,1,4,0,1,7,10,4,38,0
545,13.385,36,60,66,87,104,118,468.473,4,12,31,0,0,0,0,0,2,0,4,35,48,0,2,0,2,4,24,2,83,0
546,13.99,28,39,52,70,96,104,349.761,4,12,20,0,1,0,0,0,0,1,5,25,24,3,0,0,4,4,16,0,49,0
547,12.842,24,30,35,40,45,42,308.208,3,6,18,0,0,0,0,3,2,0,6,24,26,2,4,0,1,10,15,4,50,0
548,12.884,16,21,22,29,32,35,206.144,6,6,10,0,0,0,0,0,2,0,6,16,19,5,1,0,1,5,10,1,35,0
549,13.888,16,21,22,29,32,35,222.212,6,6,10,0,0,0,0,0,2,0,6,16,19,5,0,0,1,5,10,0,35,0
550,14.113,14,18,22,26,24,17,197.58,1,6,11,0,1,0,0,1,0,1,3,14,14,1,1,0,1,3,7,1,28,0
551,16.078,13,17,19,20,23,20,209.011,1,6,9,0,2,0,0,1,1,2,4,13,9,1,1,0,1,2,6,1,22,0
552,14.239,15,20,20,27,28,31,213.587,5,6,9,0,1,0,0,0,2,1,6,15,16,5,0,0,1,4,9,0,31,0
553,12.318,13,18,22,25,24,20,160.131,1,6,12,0,0,0,0,0,1,0,1,13,18,0,1,0,1,2,7,1,31,0
554,12.942,15,19,21,25,29,24,194.125,3,6,11,0,0,0,0,1,1,0,4,15,15,1,3,0,1,3,8,3,30,0
555,12.581,46,68,94,128,160,212,528.398,4,28,34,0,0,0,0,4,4,0,8,42,34,4,4,0,5,8,14,4,76,0
556,13.184,18,27,37,49,59,67,224.135,7,10,10,0,0,0,0,2,1,0,7,17,14,4,3,0,2,2,6,3,31,0
557,13.86,18,25,32,42,50,49,235.613,4,12,12,0,1,0,0,0,2,1,5,17,13,4,0,0,2,2,6,0,30,0
558,12.842,12,17,24,24,18,14,154.104,2,0,9,0,0,0,0,3,1,0,3,12,13,1,2,0,1,2,9,2,25,0
559,13.271,30,40,54,72,98,116,358.317,6,12,21,0,0,0,0,1,1,0,6,27,25,3,2,0,4,5,17,2,52,0
560,12.937,31,44,61,82,100,117,362.24,9,16,19,0,0,0,0,0,4,0,9,28,23,5,4,0,4,6,15,4,51,0
561,14.082,45,71,112,175,260,375,549.217,8,24,27,0,2,0,0,2,5,2,12,39,21,3,7,0,7,3,19,7,60,0
562,12.41,27,35,44,54,68,68,310.247,3,17,22,0,0,0,0,0,1,0,3,25,25,1,2,0,3,8,10,2,50,0
563,15.277,16,24,26,36,41,44,229.162,4,10,8,0,0,3,0,0,1,3,7,15,5,2,1,0,2,1,6,1,20,0
564,12.776,34,49,68,91,116,132,383.277,6,16,23,0,0,1,0,1,0,1,7,30,27,4,2,0,5,4,17,2,57,0
565,13.305,38,54,73,96,122,137,452.38,5,22,27,0,0,2,0,2,0,2,7,34,25,3,1,0,5,5,14,1,59,0
566,12.809,21,27,33,41,46,49,256.176,3,6,15,0,0,0,0,1,2,0,5,20,22,2,3,0,2,7,14,3,42,0
567,13.648,24,35,45,58,70,79,300.25,4,12,17,0,0,0,0,4,0,0,5,22,14,0,4,0,3,3,8,4,36,0
568,12.709,22,30,39,50,57,65,254.18,3,6,16,0,0,0,0,1,1,0,4,20,21,1,3,0,3,4,15,3,41,0
569,13.721,14,19,22,25,24,25,192.09,6,5,6,0,0,0,0,2,1,0,8,14,8,4,4,0,1,3,7,4,22,0
570,12.555,24,33,42,54,72,75,276.206,3,12,19,0,0,0,0,4,2,0,3,22,14,0,3,0,3,2,8,3,36,0
571,18.356,14,21,23,25,29,30,256.989,4,6,6,0,0,0,0,2,3,0,8,14,6,1,6,0,1,2,6,6,20,0
572,13.008,10,13,15,16,14,9,130.082,2,6,7,0,0,0,0,1,2,0,3,10,7,1,2,0,1,1,3,2,17,0
573,13.371,24,36,52,72,92,112,294.162,9,10,12,0,0,0,0,1,5,0,10,22,15,5,5,0,3,3,13,5,37,0
574,13.257,17,24,31,38,45,47,212.12,5,6,10,0,0,0,0,3,2,0,6,16,12,2,4,0,2,2,8,4,28,0
575,14.349,16,20,23,25,27,22,229.582,3,0,10,0,1,0,0,2,1,1,6,16,18,3,2,0,1,4,14,2,34,0
576,12.931,31,46,68,96,119,154,336.214,6,12,20,0,0,0,0,0,0,0,6,26,18,0,6,0,6,2,19,6,44,0
577,13.35,20,29,38,48,58,53,253.647,1,6,17,0,1,0,0,0,0,1,2,19,26,1,0,0,2,5,14,0,45,0
578,13.465,36,53,73,98,127,157,444.347,8,16,22,0,0,0,0,3,1,0,11,33,30,6,4,0,4,7,17,4,63,0
579,13.15,39,58,82,112,151,183,460.265,10,18,25,0,0,0,0,1,5,0,10,35,22,0,10,0,5,4,20,10,57,0
580,14.13,18,25,29,34,40,38,240.203,5,12,10,0,0,0,0,2,2,0,7,17,10,4,2,0,2,3,4,2,27,0
581,13.341,37,50,57,68,80,86,480.26,12,0,22,0,0,0,0,6,0,0,14,36,34,4,10,0,2,11,31,10,70,0
582,12.733,32,45,61,77,96,107,369.27,4,12,23,0,0,1,0,2,1,1,6,29,26,3,2,0,4,6,18,2,55,0
583,13.253,33,54,80,117,166,221,384.327,5,0,24,0,0,0,0,4,0,0,5,29,32,0,4,0,5,1,29,4,61,0
584,12.942,17,24,34,46,52,60,194.133,6,10,9,0,0,0,0,0,1,0,6,15,11,5,1,0,3,1,7,1,26,0
585,13.257,17,24,31,38,45,47,212.12,5,6,10,0,0,0,0,2,2,0,6,16,14,2,4,0,2,2,9,4,30,0
586,12.836,33,55,85,120,159,212,372.247,6,0,23,0,0,0,0,3,3,0,6,29,32,0,6,0,5,2,30,6,61,0
587,14.882,24,33,37,44,48,50,342.293,6,11,13,0,0,0,0,4,3,0,10,23,13,3,5,0,2,7,9,5,36,0
588,13.906,20,28,33,38,44,42,264.221,4,12,13,0,0,0,0,3,2,0,6,19,12,2,3,0,2,3,5,3,31,0
589,14.583,14,20,21,24,24,23,204.166,4,6,8,0,0,0,0,3,2,0,6,14,10,2,3,0,1,2,5,3,24,0
590,14.106,22,31,37,45,54,58,296.223,7,12,12,0,0,0,0,2,2,0,9,21,14,4,4,0,2,5,8,4,35,0
591,14.584,14,20,21,24,24,23,204.17,3,6,7,0,0,0,0,3,3,0,7,14,10,4,2,0,1,2,5,2,24,0
592,14.012,19,27,31,37,43,44,252.214,5,12,11,0,0,0,0,2,2,0,7,18,12,4,2,0,2,3,5,2,30,0
593,14.116,20,28,33,38,46,46,268.213,6,12,11,0,0,0,0,2,2,0,8,19,12,4,3,0,2,4,6,3,31,0
594,15.309,18,26,30,36,39,41,260.259,6,11,9,0,0,0,0,2,2,0,8,17,10,4,2,0,2,3,5,2,27,0
595,14.247,18,26,30,36,39,41,242.195,5,11,10,0,0,0,0,2,2,0,7,17,11,3,3,0,2,3,5,3,28,0
596,14.922,11,16,16,16,18,17,164.145,3,6,6,0,0,0,0,2,2,0,5,11,8,2,2,0,1,1,3,2,19,0
597,13.648,24,34,43,54,64,69,300.258,5,17,15,0,0,0,0,2,2,0,7,22,14,4,2,0,3,4,5,2,36,0
598,14.012,18,25,29,34,40,38,238.207,4,12,11,0,0,0,0,2,2,0,6,17,11,3,2,0,2,3,4,2,28,0
599,13.726,23,33,41,51,64,67,288.247,5,17,14,0,0,0,0,2,2,0,7,21,12,4,2,0,3,3,4,2,33,0
600,15.391,17,24,28,33,35,36,246.252,5,11,9,0,0,0,0,2,2,0,7,16,9,3,2,0,2,3,4,2,25,0
601,13.253,32,44,61,82,104,115,384.331,3,18,23,0,0,0,0,3,0,0,6,29,20,2,3,0,4,6,11,3,49,0
602,14.123,19,28,34,39,44,46,254.206,5,11,11,0,0,0,0,2,2,0,7,18,13,3,3,0,2,3,6,3,31,0
603,13.712,22,31,42,55,70,81,274.24,4,16,14,0,0,0,0,1,1,0,6,20,13,3,2,0,3,3,5,2,33,0
604,13.837,24,34,42,49,55,61,318.249,5,6,15,0,0,0,0,3,2,0,8,23,23,3,4,0,2,6,15,4,46,0
605,13.712,21,30,35,44,54,62,274.24,3,10,14,0,0,0,0,2,2,0,6,20,21,3,2,0,2,6,9,2,41,0
606,13.79,19,26,33,37,39,42,248.218,3,11,14,0,0,0,0,2,1,0,4,18,12,0,3,0,2,4,6,3,30,0
607,12.884,34,47,64,87,117,137,412.272,5,12,24,0,0,0,0,4,1,0,8,32,26,2,6,0,3,10,18,6,58,0
608,16.417,26,36,44,54,68,65,394.0,4,18,16,0,4,0,0,0,0,4,8,24,8,2,2,0,3,4,8,2,32,0
609,14.146,15,22,25,26,27,31,212.193,4,5,9,0,0,0,0,1,1,0,6,15,16,4,1,0,1,1,9,1,31,0
610,13.65,15,21,27,33,37,36,191.097,4,6,8,0,0,1,0,2,1,1,6,14,9,2,3,0,2,1,7,3,23,0
611,13.396,29,42,58,81,107,123,348.302,5,11,19,0,0,0,0,2,1,0,7,26,22,4,2,0,4,2,16,2,48,0
612,16.53,28,39,46,50,60,58,446.319,9,12,16,0,0,0,0,2,0,0,11,27,20,0,6,2,2,10,14,6,47,0
613,13.574,53,80,119,170,236,315,624.406,14,17,32,0,0,0,0,1,3,0,14,46,32,0,13,0,8,6,35,13,78,0
614,12.937,31,44,61,79,100,118,362.24,8,11,19,0,0,0,0,1,1,0,9,28,25,5,4,0,4,4,19,4,53,0
615,13.923,40,57,75,98,120,143,501.224,8,17,26,0,2,0,0,0,0,2,10,36,31,5,3,0,5,8,23,3,67,0
616,12.296,38,54,70,85,104,114,430.357,3,18,32,0,0,0,0,0,2,0,3,35,41,1,2,0,4,8,20,2,76,0
617,12.391,24,39,58,79,107,134,260.207,2,0,19,0,0,0,0,2,1,0,2,21,28,0,2,0,4,0,22,2,49,0
618,14.767,20,29,26,39,28,36,310.105,3,0,12,0,0,0,0,2,4,0,9,21,32,4,3,2,0,10,18,3,53,0
619,13.061,21,31,44,61,76,83,248.153,4,6,13,0,0,0,0,4,1,0,6,19,10,2,4,0,3,1,11,4,29,0
620,13.871,16,22,30,40,46,52,194.198,3,15,10,0,0,0,0,0,1,0,4,14,7,3,0,0,3,1,1,0,21,0
621,16.103,13,21,27,33,33,24,177.128,1,0,6,0,0,0,0,1,0,0,5,11,12,3,0,1,3,3,12,0,23,0
622,19.029,11,14,13,8,8,8,228.348,4,0,6,0,0,0,0,2,0,0,6,12,12,2,0,0,0,0,9,0,24,0
623,13.79,19,26,33,38,42,45,248.218,3,11,14,0,0,0,0,2,1,0,4,18,12,0,3,0,2,4,6,3,30,0
624,14.687,19,26,34,43,51,52,249.681,2,11,14,0,1,0,0,0,0,1,3,17,14,1,0,0,3,2,8,0,31,0
625,14.636,16,23,26,28,29,31,234.172,6,5,8,0,0,0,0,3,0,0,8,16,13,3,4,0,1,5,8,4,29,0
626,13.821,22,30,34,40,44,48,290.239,4,6,14,0,0,0,0,3,2,0,7,21,21,3,3,0,2,3,13,3,42,0
627,14.012,18,24,26,29,31,31,252.21,3,6,12,0,0,0,0,3,2,0,6,18,18,2,3,0,1,5,9,3,36,0
628,13.195,24,33,42,52,64,63,290.282,2,17,19,0,0,0,0,1,0,0,3,22,17,1,1,0,3,2,6,1,39,0
629,12.736,23,31,43,59,72,87,280.202,6,10,16,0,0,0,0,1,1,0,6,22,24,4,2,0,2,7,12,2,46,0
630,12.676,16,22,30,40,46,48,190.145,5,10,10,0,0,0,0,0,0,0,5,15,15,5,0,0,2,3,6,0,30,0
631,13.606,14,17,14,15,16,13,204.093,6,0,9,0,0,0,0,3,0,0,6,15,14,0,6,0,0,5,11,6,29,0
632,12.746,21,30,40,54,70,78,242.181,7,17,12,0,0,0,0,0,3,0,7,19,11,7,0,0,3,1,4,0,30,0
633,18.63,21,34,41,54,70,86,372.598,5,6,8,0,3,0,0,4,3,3,12,20,8,3,4,0,2,2,11,4,28,0
634,16.617,18,25,30,36,44,41,282.489,2,12,12,0,3,0,0,0,1,3,5,17,7,0,2,0,2,2,6,2,24,0
635,13.69,31,45,58,76,105,122,383.313,4,12,21,0,0,3,0,0,0,3,7,28,24,3,0,0,4,4,19,0,52,0
636,13.008,10,13,14,15,16,10,130.082,2,6,7,0,0,0,0,1,0,0,3,10,7,1,2,0,1,1,3,2,17,0
637,12.961,22,30,39,49,58,57,272.179,7,12,14,0,0,0,0,0,2,0,7,21,18,4,3,0,2,5,10,3,39,0
638,12.715,19,29,40,57,74,85,216.151,3,15,14,0,0,0,0,1,0,0,3,17,12,0,3,0,3,0,3,3,29,0
639,12.581,22,28,36,43,48,42,264.199,3,12,17,0,0,0,0,1,1,0,4,21,20,2,2,0,2,6,9,2,41,0
640,12.581,24,35,49,66,79,90,264.199,3,10,17,0,0,0,0,1,1,0,4,21,20,2,2,0,4,2,13,2,41,0
641,12.609,10,12,13,14,16,11,126.094,2,6,8,0,0,0,0,0,2,0,2,10,11,1,1,0,1,2,4,1,21,0
642,12.391,21,32,36,44,52,55,260.211,3,6,18,0,0,0,0,1,1,0,3,21,22,2,1,0,1,1,12,1,43,2
643,12.795,30,41,54,64,76,74,358.252,8,12,20,0,0,0,0,2,1,0,8,28,29,5,3,0,3,7,16,3,57,0
644,12.768,31,43,58,69,81,79,370.263,8,12,21,0,0,0,0,2,1,0,8,29,31,5,3,0,3,7,17,3,60,0
645,12.326,21,28,37,46,56,55,234.193,2,6,17,0,0,0,0,0,1,0,2,19,25,1,1,0,3,2,15,1,44,0
646,12.625,30,48,76,118,178,245,328.242,5,10,21,0,0,0,0,1,1,0,5,26,26,2,3,0,5,2,19,3,52,0
647,13.614,16,21,26,31,36,31,204.213,3,6,12,0,0,0,0,1,1,0,3,15,16,2,0,0,2,1,9,0,31,0
648,12.531,26,36,50,69,88,105,288.221,4,21,19,0,0,0,0,0,1,0,4,23,16,2,2,0,4,4,5,2,39,0
649,12.909,22,30,41,55,67,76,258.176,5,15,13,0,0,0,0,1,2,0,7,20,13,5,2,0,3,4,6,2,33,0
650,13.586,20,27,33,41,52,53,258.139,4,12,12,0,0,2,0,1,1,2,7,19,10,2,3,0,2,4,7,3,29,0
651,14.583,15,22,25,34,39,40,204.166,4,10,8,0,0,0,0,2,1,0,6,14,8,2,3,0,2,2,3,3,22,0
652,12.973,31,53,84,116,156,203,363.235,5,0,22,0,0,1,0,4,3,1,6,28,29,0,5,0,4,2,27,5,57,0
653,12.836,32,52,76,106,143,184,372.247,6,0,23,0,0,0,0,4,2,0,6,29,32,0,6,0,4,3,28,6,61,0
654,12.836,32,52,76,106,143,184,372.247,6,0,23,0,0,0,0,5,1,0,6,29,30,0,6,0,4,3,27,6,59,0
655,13.175,27,44,68,103,149,204,316.188,8,0,15,0,0,0,0,5,3,0,9,24,18,4,5,0,4,3,22,5,42,0
656,12.649,28,45,67,97,129,164,316.227,4,0,21,0,0,0,0,3,2,0,4,25,30,0,4,0,4,2,25,4,55,0
657,12.778,29,48,73,102,136,174,332.226,5,0,21,0,0,0,0,3,3,0,5,26,30,0,5,0,4,2,26,5,56,0
658,12.778,29,48,73,102,136,174,332.226,5,0,21,0,0,0,0,4,3,0,5,26,28,0,5,0,4,2,25,5,54,0
659,12.581,24,38,56,78,106,131,264.195,3,6,18,0,0,0,0,0,3,0,3,21,24,0,3,0,4,0,18,3,45,0
660,12.41,23,36,53,73,98,122,248.196,2,6,18,0,0,0,0,0,2,0,2,20,24,0,2,0,4,0,17,2,44,0
661,16.998,11,15,18,21,16,12,186.981,1,6,7,0,2,0,0,1,1,2,4,11,4,0,2,0,1,1,4,2,15,0
662,12.917,49,72,106,150,208,263,568.368,10,16,33,0,0,0,0,2,1,0,11,44,40,2,9,0,6,8,31,9,84,0
663,12.486,23,31,39,50,61,65,262.207,4,12,17,0,0,0,0,1,2,0,4,21,19,3,1,0,3,4,10,1,40,0
664,14.005,10,14,18,19,16,11,140.05,5,0,5,0,0,0,0,0,4,0,5,10,10,0,5,0,1,1,10,5,20,0
665,14.005,11,14,16,12,8,4,168.06,6,0,6,0,0,0,0,0,6,0,6,12,14,0,6,0,0,5,11,6,26,0
666,13.83,18,26,34,42,50,54,235.106,6,6,9,0,0,1,0,2,3,1,8,17,11,2,5,0,2,2,10,5,28,0
667,12.48,19,26,35,45,55,58,212.167,2,16,14,0,0,0,0,0,2,0,3,17,12,2,1,0,3,2,3,1,29,0
668,12.455,10,13,17,21,21,18,112.091,1,10,7,0,0,0,0,0,1,0,2,9,6,2,0,0,2,0,0,0,15,0
669,12.759,8,10,11,10,10,5,102.072,2,6,6,0,0,0,0,0,2,0,2,8,7,1,1,0,1,0,2,1,15,0
670,31.908,25,36,44,52,62,68,765.784,4,12,15,0,0,0,4,1,3,4,9,24,11,1,4,0,2,5,12,4,35,0
671,13.253,33,54,80,117,166,221,384.327,5,0,24,0,0,0,0,4,0,0,5,29,32,0,4,0,5,1,29,4,61,0
672,12.836,32,52,76,106,143,184,372.247,6,0,23,0,0,0,0,5,2,0,6,29,30,0,6,0,4,3,27,6,59,0
673,12.778,29,46,70,102,137,172,332.226,5,0,21,0,0,0,0,4,2,0,5,26,28,0,5,0,4,3,25,5,54,0
674,12.778,29,48,73,102,136,174,332.226,5,0,21,0,0,0,0,5,2,0,5,26,26,0,5,0,4,2,24,5,52,0
675,12.41,23,36,53,73,98,122,248.196,2,6,18,0,0,0,0,1,1,0,2,20,22,0,2,0,4,0,16,2,42,0
676,12.809,33,54,79,112,152,199,384.258,6,0,24,0,0,0,0,5,2,0,6,30,32,0,6,0,4,3,28,6,62,0
677,12.391,24,39,58,79,107,134,260.207,2,0,19,0,0,0,0,1,1,0,2,21,30,0,2,0,4,0,23,2,51,0
678,12.391,24,39,58,79,107,134,260.207,2,0,19,0,0,0,0,1,1,0,2,21,30,0,2,0,4,0,23,2,51,0
679,12.391,24,39,58,79,107,134,260.207,2,0,19,0,0,0,0,2,1,0,2,21,28,0,2,0,4,0,22,2,49,0
680,15.352,22,33,47,62,78,94,307.048,6,10,12,0,2,0,0,0,3,2,8,20,12,2,4,0,3,2,12,4,32,0
681,13.771,18,26,35,44,51,55,234.103,8,6,8,0,0,0,0,2,4,0,9,17,11,3,6,0,2,2,10,6,28,0
682,13.75,25,38,51,72,89,101,316.253,4,6,16,0,0,0,0,3,2,0,7,23,18,2,4,0,3,4,16,4,41,0
683,20.177,18,26,34,42,50,54,343.012,6,6,9,0,0,0,1,2,3,1,8,17,11,2,5,0,2,2,10,5,28,0
684,12.759,8,10,11,10,10,5,102.076,3,6,5,0,0,0,0,0,2,0,3,8,7,3,0,0,1,0,2,0,15,0
685,27.777,24,34,41,48,59,62,638.88,4,12,15,0,0,0,3,1,3,3,8,23,12,1,4,0,2,5,11,4,35,0
686,13.151,6,6,6,3,0,0,92.057,2,0,4,0,0,0,0,1,0,0,3,7,10,2,1,0,0,3,5,1,17,0
687,12.344,19,25,29,33,39,38,222.186,3,12,15,0,0,0,0,1,0,0,3,18,17,3,0,0,2,3,6,0,35,0
688,12.602,30,47,67,93,125,158,340.249,4,0,23,0,0,0,0,4,0,0,4,27,32,0,4,0,4,3,26,4,59,0
689,15.552,20,27,32,33,38,39,311.036,5,6,11,0,2,0,0,2,3,2,9,20,12,2,5,0,1,6,12,5,32,0
690,12.709,22,34,49,70,88,106,254.184,4,6,15,0,0,0,0,1,1,0,5,20,21,3,2,0,3,1,15,2,41,0
691,12.374,25,40,60,81,108,138,272.218,2,6,20,0,0,0,0,0,2,0,2,22,24,0,2,0,4,0,18,2,46,1
692,12.358,26,42,62,87,115,146,284.229,2,0,21,0,0,0,0,3,0,0,2,23,30,0,2,0,4,1,23,2,53,0
693,12.49,28,44,64,88,121,152,312.239,3,0,22,0,0,0,0,3,0,0,3,25,32,0,3,0,4,2,25,3,57,0
694,12.011,23,34,51,73,101,116,240.22,0,21,20,0,0,0,0,0,0,0,0,20,16,0,0,0,4,0,2,0,36,0
695,12.598,18,26,36,48,52,53,214.163,4,11,13,0,0,0,0,1,0,0,4,17,17,3,1,0,2,2,6,1,34,0
696,12.374,25,42,62,83,113,144,272.218,2,0,20,0,0,0,0,2,1,0,2,22,30,0,2,0,4,0,23,2,52,0
697,12.391,24,39,58,79,107,134,260.207,2,0,19,0,0,0,0,2,1,0,2,21,28,0,2,0,4,0,22,2,49,0
698,12.618,25,36,49,67,93,109,290.213,4,6,19,0,0,0,0,1,0,0,4,23,27,1,3,0,3,4,18,3,50,0
699,13.481,21,31,45,60,72,86,256.133,8,10,10,0,0,0,0,1,4,0,9,19,12,4,5,0,3,2,10,5,31,0
700,14.628,28,40,53,72,90,102,380.318,7,5,16,0,0,0,0,5,2,0,10,26,16,2,6,0,3,6,18,6,42,0
701,13.653,18,26,35,44,51,55,232.107,7,6,9,0,0,0,0,2,4,0,8,17,12,2,6,0,2,2,10,6,29,0
702,17.412,18,26,34,42,50,54,296.012,6,6,9,1,0,0,0,2,3,1,8,17,11,2,5,0,2,2,10,5,28,0
703,14.005,12,17,22,23,24,19,168.06,6,0,6,0,0,0,0,0,5,0,6,12,12,0,6,0,1,1,12,6,24,0
704,13.195,34,47,57,70,89,94,422.252,9,17,19,0,0,0,0,4,6,0,13,32,19,7,6,0,3,9,13,6,51,0
705,13.008,11,15,19,25,27,23,130.082,2,10,7,0,0,0,0,1,1,0,3,10,5,1,2,0,2,0,0,2,15,0
706,13.293,14,19,21,21,25,22,186.102,4,6,9,0,0,0,0,1,4,0,5,14,11,1,4,0,1,3,7,4,25,0
707,12.41,16,20,23,26,32,26,186.153,3,12,12,0,0,0,0,1,1,0,3,15,11,3,0,0,2,2,3,0,26,0
708,12.454,9,10,11,12,12,7,112.087,1,6,8,0,0,0,0,0,1,0,1,9,10,0,1,0,1,2,3,1,19,0
709,12.318,14,18,24,31,35,35,160.135,1,10,11,0,0,0,0,0,2,0,2,13,14,2,0,0,2,3,4,0,27,0
710,14.868,15,21,27,33,33,38,208.158,5,5,6,0,0,0,0,2,1,0,8,14,6,4,3,0,2,2,8,3,20,0
711,14.868,12,17,21,28,32,30,163.543,3,10,7,0,1,0,0,0,1,1,4,11,5,2,1,0,2,0,2,1,16,0
712,13.507,12,16,18,18,20,21,162.08,3,6,7,0,0,0,0,2,1,0,5,12,5,1,4,0,1,2,4,4,17,0
713,16.585,6,8,4,3,0,0,116.097,3,0,3,0,0,0,0,2,0,0,4,7,8,0,3,0,0,2,4,3,15,0
714,13.607,4,4,2,0,0,0,68.035,2,0,2,0,0,0,0,1,0,0,3,5,6,2,1,0,0,1,3,1,11,0
715,12.391,24,39,58,79,107,134,260.207,2,0,19,0,0,0,0,3,0,0,2,21,26,0,2,0,4,0,21,2,47,0
716,12.676,16,21,27,34,42,40,190.137,2,11,12,0,0,0,0,1,1,0,3,15,11,1,2,0,2,1,4,2,26,0
717,12.51,27,43,64,89,119,150,300.228,3,0,21,0,0,0,0,3,1,0,3,24,30,0,3,0,4,2,24,3,54,0
718,12.905,31,44,62,86,115,148,374.243,6,13,22,0,0,0,0,2,1,0,7,29,25,1,6,0,3,5,16,6,54,0
719,13.536,18,26,35,44,51,55,230.115,8,6,9,0,0,0,0,1,4,0,8,17,13,3,5,0,2,2,11,5,30,0
720,12.836,33,55,85,120,159,212,372.247,6,0,23,0,0,0,0,3,3,0,6,29,32,0,6,0,5,2,30,6,61,0
721,12.908,21,30,36,46,51,50,258.168,4,0,15,0,0,0,0,3,2,0,5,20,23,1,4,0,2,3,18,4,43,0
722,12.866,16,23,31,42,54,60,180.118,3,15,11,0,0,0,0,1,0,0,3,14,6,0,3,0,3,0,0,3,20,0
723,13.195,36,63,98,149,214,283,422.254,6,0,24,0,0,2,0,4,2,2,8,32,30,0,6,0,5,2,32,6,62,0
724,12.374,25,40,60,81,108,138,272.218,2,0,20,0,0,0,0,2,1,0,2,22,26,0,2,0,4,0,22,2,48,1
725,12.374,25,40,60,81,108,138,272.218,2,0,20,0,0,0,0,2,1,0,2,22,26,0,2,0,4,0,22,2,48,1
726,12.51,27,45,68,91,121,156,300.228,3,0,21,0,0,0,0,3,1,0,3,24,30,0,3,0,4,1,24,3,54,0
727,13.271,21,31,45,60,72,86,252.145,8,10,11,0,0,0,0,0,4,0,8,19,14,4,4,0,3,2,11,4,33,0
728,13.761,26,40,55,75,93,107,330.26,5,6,16,0,0,0,0,3,3,0,8,24,19,3,4,0,3,4,17,4,43,0
729,14.005,11,14,16,12,8,4,168.06,6,0,6,0,0,0,0,0,6,0,6,12,14,0,6,0,0,5,11,6,26,0
730,13.536,18,26,35,44,51,55,230.115,8,6,9,0,0,0,0,1,4,0,8,17,13,3,5,0,2,2,11,5,30,0
731,14.256,21,32,40,51,59,72,285.113,6,6,10,0,0,3,0,2,3,3,10,20,11,2,5,0,2,2,13,5,31,0
732,14.741,11,16,16,16,18,17,162.149,2,6,7,0,0,0,0,2,1,0,4,11,9,1,2,0,1,1,3,2,20,0
733,12.736,11,14,16,16,18,15,140.097,2,6,9,0,0,0,0,1,1,0,2,11,10,0,2,0,1,2,4,2,21,0
734,12.676,5,4,3,2,1,0,76.054,1,0,5,0,0,0,0,0,1,0,1,6,12,0,1,0,0,3,5,1,18,0
735,12.581,31,51,76,109,146,183,352.26,4,0,24,0,0,0,0,4,0,0,4,28,34,0,4,0,4,2,27,4,62,0
736,12.358,26,41,62,83,111,143,284.229,2,6,21,0,0,0,0,0,1,0,2,23,26,0,2,0,4,1,19,2,49,1
737,12.431,21,30,42,57,72,74,236.189,3,17,16,0,0,0,0,1,0,0,3,19,14,2,1,0,3,1,3,1,33,0
738,12.897,20,30,44,60,80,88,232.15,4,12,14,0,0,0,0,2,2,0,4,18,8,0,4,0,3,0,6,4,26,0
739,14.355,21,28,36,44,52,54,287.104,0,12,18,0,2,0,0,0,0,2,2,20,20,0,0,0,2,5,9,0,40,0
740,15.787,15,22,29,37,47,46,221.022,2,11,10,0,2,0,0,0,1,2,4,14,7,1,1,0,2,0,4,1,21,0
741,13.23,20,29,41,56,67,78,238.142,8,10,10,0,0,0,0,0,3,0,8,18,13,5,3,0,3,2,10,3,31,0
742,15.425,19,29,36,47,59,70,277.648,4,6,10,0,1,0,0,3,3,1,8,18,12,3,3,0,2,2,10,3,30,0
743,15.153,10,13,14,14,16,13,151.528,1,6,7,0,1,0,0,1,1,1,3,10,5,0,2,0,1,1,3,2,15,0
744,12.211,22,28,34,42,52,47,244.212,2,18,18,0,0,0,0,0,2,0,2,20,16,2,0,0,3,4,4,0,36,0
745,23.197,6,9,6,0,0,0,162.379,1,0,2,0,3,0,0,1,1,3,5,7,1,0,2,0,0,0,5,2,8,0
746,13.008,35,61,95,143,203,268,403.256,6,0,24,0,0,1,0,4,2,1,7,31,31,0,6,0,5,2,31,6,62,0
747,12.801,27,47,72,98,135,173,307.215,3,0,20,0,0,1,0,2,2,1,4,24,29,0,3,0,4,0,25,3,53,0
748,12.968,29,52,84,135,207,300,324.203,5,0,19,0,0,0,0,4,3,0,6,25,22,0,6,0,5,1,25,6,47,0
749,12.011,12,18,27,39,43,49,120.11,0,0,10,0,0,0,0,2,0,0,0,10,12,0,0,0,3,0,10,0,22,0
750,13.852,13,20,24,25,28,24,180.071,5,0,7,0,0,0,0,1,5,0,6,13,12,0,6,0,1,1,12,6,25,0
751,15.185,10,12,12,12,6,3,167.036,4,0,6,0,0,0,0,1,0,0,5,11,15,0,4,1,0,6,9,4,26,0
752,13.215,28,33,36,36,42,42,383.234,4,0,24,0,0,0,0,1,0,0,5,29,51,0,4,1,0,21,27,4,80,0
753,12.374,10,13,10,7,6,7,136.109,1,0,10,0,0,0,0,2,1,0,1,11,18,0,1,0,0,4,8,1,29,0
754,25.323,22,34,44,50,64,68,531.779,2,12,15,4,0,0,0,0,2,4,6,21,12,0,2,0,2,2,10,2,33,0
755,12.48,18,26,32,36,44,46,212.163,2,12,15,0,0,0,0,0,2,0,2,17,16,0,2,0,2,2,6,2,33,0
756,16.418,18,26,32,36,44,46,279.103,2,12,12,0,2,0,0,2,0,2,5,17,8,0,2,0,2,2,4,2,25,0
757,14.129,18,26,32,36,44,46,240.195,4,12,12,0,0,0,0,2,2,0,5,17,10,0,4,0,2,2,4,4,27,0
758,14.583,14,20,24,23,24,23,204.166,4,6,8,0,0,0,0,3,0,0,6,14,10,2,3,0,1,3,5,3,24,0
759,13.777,18,25,29,34,40,38,234.215,2,6,13,0,0,0,0,2,1,0,4,17,19,1,2,0,2,3,10,2,36,0
760,15.314,19,27,31,36,44,42,275.656,5,12,10,0,1,0,0,2,2,1,8,18,9,4,2,0,2,3,5,2,27,0
761,12.343,12,17,19,18,20,19,148.12,1,6,11,0,0,0,0,0,1,0,1,12,16,0,1,0,1,2,6,1,28,0
762,12.699,32,51,74,105,148,185,368.259,4,0,24,0,0,0,0,4,1,0,5,29,34,0,5,0,4,4,28,5,63,0
763,13.06,21,32,47,66,88,97,248.149,5,12,14,0,0,0,0,2,3,0,5,19,8,0,5,0,3,0,7,5,27,0
764,12.233,21,31,47,69,97,112,220.186,1,17,17,0,0,0,0,1,0,0,1,18,10,0,1,0,4,0,3,1,28,0
765,12.908,22,33,48,66,86,100,258.168,4,12,15,0,0,0,0,3,2,0,5,20,9,1,4,0,3,1,7,4,29,0
766,12.565,20,30,44,60,80,88,226.17,3,12,15,0,0,0,0,2,1,0,3,18,11,1,2,0,3,0,6,2,29,0
767,12.565,20,29,43,60,79,85,226.17,3,12,15,0,0,0,0,2,1,0,3,18,11,1,2,0,3,1,6,2,29,0
768,12.949,19,28,40,58,72,85,220.139,4,15,13,0,0,0,0,1,0,0,4,17,10,0,4,0,3,1,3,4,27,0
769,21.095,14,21,28,32,32,27,295.336,2,6,6,0,5,0,0,1,0,5,8,14,0,1,2,0,1,1,7,2,14,0
770,12.581,16,24,36,51,66,72,176.13,2,14,12,0,0,0,0,2,0,0,2,14,6,0,2,0,3,0,0,2,20,0
771,12.486,24,35,51,71,91,103,262.203,3,17,18,0,0,0,0,2,0,0,3,21,11,1,2,0,4,1,5,2,32,0
772,12.211,11,15,20,25,26,23,122.106,0,10,9,0,0,0,0,0,1,0,1,10,9,1,0,0,2,0,1,0,19,0
773,17.098,10,13,16,17,14,10,170.982,1,6,7,0,2,0,0,1,0,2,3,10,4,0,1,0,1,1,3,1,14,0
774,12.75,30,50,76,108,145,189,344.237,5,0,22,0,0,0,0,4,3,0,5,27,30,0,5,0,4,2,26,5,57,0
775,12.956,21,30,45,63,80,96,246.157,5,15,14,0,0,0,0,0,0,0,5,19,13,1,4,0,3,3,6,4,32,0
776,12.509,18,26,38,52,69,73,200.152,2,12,14,0,0,0,0,2,0,0,2,16,8,0,2,0,3,0,4,2,24,0
777,13.008,53,77,111,157,219,277,624.388,12,16,35,0,0,0,0,3,1,0,13,48,42,2,11,0,6,9,34,11,90,0
778,12.454,20,29,42,57,77,86,224.174,2,12,16,0,0,0,0,2,0,0,2,18,12,0,2,0,3,1,6,2,30,0
779,12.676,26,34,43,54,64,59,304.216,4,18,20,0,0,0,0,2,0,0,4,24,14,0,4,0,3,4,6,4,38,0
780,13.008,16,20,25,30,32,27,208.128,4,6,12,0,0,0,0,2,0,0,4,16,14,0,4,0,1,4,8,4,30,0
781,12.809,20,26,29,34,40,35,256.172,4,6,16,0,0,0,0,2,0,0,4,20,22,0,4,0,1,6,12,4,42,0
782,12.154,16,22,31,42,55,55,170.15,1,16,13,0,0,0,0,0,0,0,1,14,9,1,0,0,3,0,0,0,23,0
783,12.746,20,27,33,41,46,41,242.169,2,12,15,0,0,0,0,2,2,0,4,19,13,1,3,0,2,3,6,3,32,0
784,12.326,21,28,37,47,59,58,234.197,3,17,16,0,0,0,0,1,1,0,3,19,13,3,0,0,3,2,3,0,32,0
785,12.842,12,15,19,21,21,14,154.104,3,6,9,0,0,0,0,1,1,0,3,12,11,1,2,0,1,2,5,2,23,0
786,12.41,21,27,36,44,48,43,248.2,1,12,17,0,0,0,0,1,0,0,3,20,20,2,1,0,2,4,8,1,40,0
787,12.723,15,21,28,34,38,36,178.126,2,6,11,0,0,0,0,2,0,0,3,14,11,1,2,0,2,1,7,2,25,0
788,12.165,15,21,30,42,53,56,158.139,0,15,12,0,0,0,0,0,1,0,1,13,9,1,0,0,3,0,0,0,22,0
789,12.581,15,20,25,33,40,37,176.13,1,11,12,0,0,0,0,1,1,0,2,14,10,0,2,0,2,2,3,2,24,0
790,14.386,17,26,31,39,52,56,230.18,4,11,10,0,0,0,0,2,3,0,6,16,9,1,4,0,2,1,4,4,25,0
791,12.634,17,22,27,32,35,30,202.148,2,12,13,0,0,0,0,1,2,0,3,16,11,1,2,0,2,2,4,2,27,0
792,12.842,12,15,18,20,19,14,154.104,3,6,9,0,0,0,0,1,1,0,3,12,11,1,2,0,1,2,5,2,23,0
793,14.254,17,24,30,42,47,56,228.072,8,0,6,0,0,0,0,2,0,0,10,16,8,2,8,0,2,4,15,8,24,0
794,12.787,19,26,32,40,48,50,230.162,4,11,13,0,0,0,0,1,0,0,5,18,15,3,2,0,2,2,7,2,33,0
795,12.318,14,19,24,32,36,36,160.135,1,10,11,0,0,0,0,0,1,0,2,13,14,2,0,0,2,2,4,0,27,0
796,14.837,9,12,14,13,12,8,133.537,1,6,7,0,1,0,0,0,1,1,2,9,8,1,0,0,1,0,3,0,17,0
797,19.825,9,12,14,13,12,8,178.425,0,6,6,0,3,0,0,0,0,3,3,9,3,0,0,0,1,0,3,0,12,0
798,12.374,11,16,17,19,16,11,136.109,1,6,10,0,0,0,0,0,1,0,1,11,14,0,1,0,1,0,5,1,25,0
799,12.809,10,13,15,16,14,9,128.09,2,6,7,0,0,0,0,1,2,0,3,10,8,2,1,0,1,1,3,1,18,0
800,13.008,10,13,15,16,14,9,130.082,2,6,7,0,0,0,0,1,0,0,3,10,7,1,2,0,1,1,3,2,17,0
801,15.352,10,13,15,16,14,9,153.524,2,6,6,0,1,0,0,1,0,1,4,10,4,1,2,0,1,1,3,2,14,0
802,13.099,11,15,17,19,20,12,144.089,3,6,7,0,0,0,0,1,1,0,4,11,8,2,2,0,1,1,4,2,19,0
803,18.702,12,17,20,22,24,19,224.43,2,6,6,0,3,0,0,1,0,3,6,12,2,1,2,0,1,1,5,2,14,0
804,12.374,11,14,17,18,17,11,136.109,1,6,10,0,0,0,0,0,1,0,1,11,14,0,1,0,1,2,5,1,25,0
805,12.374,11,15,17,19,18,16,136.109,1,6,10,0,0,0,0,0,1,0,1,11,14,0,1,0,1,1,5,1,25,0
806,12.128,19,25,33,43,54,52,206.183,1,17,16,0,0,0,0,0,1,0,1,17,13,1,0,0,3,2,2,0,30,0
807,14.005,12,17,22,23,24,19,168.06,6,0,6,0,0,0,0,1,4,0,6,12,10,0,6,0,1,1,11,6,22,0
808,12.41,21,29,36,40,48,54,248.2,3,12,17,0,0,0,0,1,0,0,3,20,20,2,1,0,2,4,8,1,40,0
809,12.438,15,19,24,28,32,26,174.138,2,12,12,0,0,0,0,1,0,0,2,14,9,1,1,0,2,2,2,1,23,0
810,12.011,11,14,18,22,26,20,120.11,0,0,10,0,0,0,0,0,0,0,0,10,18,0,0,0,2,0,11,0,28,0
811,12.211,11,14,18,22,26,20,122.106,1,11,9,0,0,0,0,0,0,0,1,10,7,1,0,0,2,0,0,0,17,0
812,13.28,11,14,17,19,18,11,146.081,3,6,7,0,0,0,0,1,0,0,4,11,7,1,3,0,1,2,4,3,18,0
813,12.598,18,25,33,42,50,57,214.159,3,11,14,0,0,0,0,1,0,0,3,17,17,1,2,0,2,3,6,2,34,0
814,12.918,12,17,23,29,32,29,142.093,2,6,8,0,0,0,0,2,1,0,3,11,5,1,2,0,2,0,4,2,16,0
815,12.192,12,16,20,25,31,26,134.117,1,11,10,0,0,0,0,0,1,0,1,11,9,1,0,0,2,0,1,0,20,0
816,12.192,12,16,20,25,31,26,134.117,1,11,10,0,0,0,0,0,0,0,1,11,9,1,0,0,2,0,1,0,20,0
817,12.192,11,13,16,17,16,11,134.117,1,6,10,0,0,0,0,0,0,0,1,11,15,1,0,0,1,3,5,0,26,0
818,12.724,15,20,24,31,36,33,178.134,5,12,9,0,0,0,0,0,2,0,5,14,9,5,0,0,2,1,3,0,23,0
819,12.709,21,27,33,39,43,37,254.18,3,12,16,0,0,0,0,2,1,0,4,20,15,1,3,0,2,5,7,3,35,0
820,13.426,19,27,35,46,60,67,228.235,3,16,14,0,0,0,0,0,1,0,3,17,12,2,0,0,3,1,3,0,29,0
821,12.676,13,17,21,26,28,25,152.112,2,6,9,0,0,0,0,1,1,0,3,12,10,2,1,0,2,1,6,1,22,0
822,12.676,13,18,22,28,36,32,152.108,2,11,10,0,0,0,0,1,0,0,2,12,8,0,2,0,2,0,1,2,20,0
823,12.136,17,21,26,31,36,30,194.172,1,12,15,0,0,0,0,0,0,0,1,16,17,1,0,0,2,4,5,0,33,0
824,17.234,14,18,22,26,32,28,224.036,0,12,12,1,0,0,0,0,0,1,1,13,9,0,0,0,2,1,2,0,22,0
825,12.165,14,18,22,26,32,28,158.139,1,12,12,0,0,0,0,0,1,0,1,13,11,1,0,0,2,1,2,0,24,0
826,12.296,16,22,30,40,54,55,172.142,1,12,13,0,0,0,0,0,0,0,1,14,10,0,1,0,3,0,4,1,24,0
827,13.586,16,22,30,40,54,55,190.206,2,12,12,0,0,0,0,0,1,0,2,14,9,1,0,0,3,0,4,0,23,0
828,12.296,15,20,24,28,36,34,172.146,2,12,12,0,0,0,0,0,2,0,2,14,12,2,0,0,2,1,3,0,26,0
829,12.277,16,21,26,30,36,36,184.153,1,12,14,0,0,0,0,1,0,0,1,15,12,0,1,0,2,2,3,1,27,0
830,12.344,12,15,18,19,20,17,148.124,2,6,10,0,0,0,0,0,1,0,2,12,16,2,0,0,1,3,6,0,28,0
831,13.238,13,17,21,23,26,24,172.095,3,6,9,0,0,0,0,1,1,0,4,13,10,0,4,0,1,3,6,4,23,0
832,12.625,13,16,20,23,25,22,164.119,2,6,11,0,0,0,0,1,0,0,2,13,14,0,2,0,1,4,6,2,27,0
833,12.842,12,15,17,20,21,15,154.104,2,6,9,0,0,0,0,1,1,0,3,12,11,1,2,0,1,2,5,2,23,0
834,12.343,20,27,34,43,56,54,222.182,2,17,16,0,0,0,0,0,2,0,2,18,13,1,1,0,3,2,3,1,31,0
835,14.54,14,19,21,22,26,22,203.56,2,6,10,0,1,0,0,1,1,1,4,14,11,0,3,0,1,3,7,3,25,0
836,12.543,16,20,24,28,32,26,188.141,2,12,13,0,0,0,0,1,0,0,2,15,10,0,2,0,2,2,3,2,25,0
837,12.842,12,15,17,18,20,17,154.104,3,6,9,0,0,0,0,0,3,0,3,12,13,1,2,0,1,3,6,2,25,0
838,12.931,13,16,18,19,22,19,168.107,3,6,10,0,0,0,0,1,1,0,3,13,12,0,3,0,1,3,6,3,25,0
839,15.126,19,27,32,38,42,45,272.27,6,11,10,0,0,0,0,2,2,0,8,18,12,4,2,0,2,4,6,2,30,0
840,12.866,14,17,19,20,23,21,180.118,3,6,11,0,0,0,0,1,1,0,3,14,14,0,3,0,1,4,7,3,28,0
841,13.175,13,18,23,28,32,34,158.096,3,10,7,0,0,0,0,1,1,0,5,12,5,3,2,0,2,1,2,2,17,0
842,12.609,10,12,14,15,15,9,126.094,2,6,8,0,0,0,0,0,1,0,2,10,11,1,1,0,1,2,4,1,21,0
843,14.735,13,17,18,20,23,20,191.549,2,6,9,0,1,0,0,1,1,1,4,13,9,0,3,0,1,3,6,3,22,0
844,15.473,17,21,23,25,28,26,263.035,3,6,12,0,2,0,0,1,0,2,5,17,14,0,3,0,1,6,10,3,31,0
845,13.207,10,13,15,16,16,12,132.074,3,6,7,0,0,0,0,1,2,0,3,10,6,0,3,0,1,1,3,3,16,0
846,17.473,11,13,13,11,8,6,209.682,2,0,8,0,1,0,0,2,0,1,4,12,14,1,0,0,0,4,9,0,26,0
847,12.676,10,13,17,21,21,18,114.087,2,10,6,0,0,0,0,0,1,0,3,9,5,3,0,0,2,0,0,0,14,0
848,14.461,10,13,17,21,21,18,130.151,2,10,7,0,0,0,0,0,0,0,2,9,5,1,0,0,2,0,0,0,14,0
849,16.328,12,17,21,28,32,30,179.611,3,10,7,0,1,0,0,0,1,1,4,11,5,2,0,0,2,0,2,0,16,0
850,15.191,8,10,11,10,10,5,121.526,1,6,6,0,1,0,0,0,1,1,2,8,6,1,0,0,1,0,2,0,14,0
851,12.26,8,10,11,10,10,5,98.084,1,6,7,0,0,0,0,0,1,0,1,8,9,1,0,0,1,0,2,0,17,0
852,15.44,8,10,11,10,10,5,123.518,1,6,6,0,1,0,0,0,1,1,2,8,5,0,1,0,1,0,2,1,13,0
853,12.233,9,12,13,13,14,8,110.095,1,6,8,0,0,0,0,0,1,0,1,9,11,1,0,0,1,0,3,0,20,0
854,12.233,9,12,13,13,14,8,110.095,1,6,8,0,0,0,0,0,1,0,1,9,11,1,0,0,1,0,3,0,20,0
855,14.837,9,12,13,13,14,8,133.537,1,6,7,0,1,0,0,0,1,1,2,9,8,1,0,0,1,0,3,0,17,0
856,17.442,9,12,13,13,14,8,156.979,1,6,6,0,2,0,0,0,1,2,3,9,5,1,0,0,1,0,3,0,14,0
857,17.663,9,12,13,13,14,8,158.971,1,6,6,0,2,0,0,0,1,2,3,9,4,0,1,0,1,0,3,1,13,0
858,12.233,9,12,13,13,14,8,110.095,1,6,8,0,0,0,0,0,1,0,1,9,11,1,0,0,1,0,3,0,20,0
859,12.455,9,12,13,13,14,8,112.091,2,6,7,0,0,0,0,0,2,0,2,9,10,2,0,0,1,0,3,0,19,0
860,12.676,9,12,13,13,14,8,114.083,2,6,7,0,0,0,0,0,2,0,2,9,9,1,1,0,1,0,3,1,18,0
861,21.388,10,14,16,16,18,11,213.878,0,6,6,0,4,0,0,0,0,4,4,10,2,0,0,0,1,0,4,0,12,0
862,38.549,5,5,4,1,0,0,231.294,0,0,3,2,1,0,0,0,0,3,3,6,5,0,0,0,0,2,5,0,11,0
863,35.307,5,5,4,1,0,0,211.84,1,0,3,2,0,0,0,0,1,2,3,6,6,0,1,0,0,2,5,1,12,0
864,12.676,6,7,7,7,3,1,76.054,1,0,5,0,0,0,0,0,1,0,1,6,10,0,1,0,1,0,6,1,16,0
865,13.392,13,18,21,23,26,24,174.091,3,6,8,0,0,0,0,2,1,0,5,13,7,1,4,0,1,2,5,4,20,0
866,16.418,18,25,30,36,46,41,279.103,3,12,12,0,2,0,0,0,2,2,5,17,8,0,2,0,2,2,6,2,25,0
867,12.344,19,25,30,35,40,32,222.186,1,12,15,0,0,0,0,1,2,0,3,18,17,3,0,0,2,2,6,0,35,0
868,13.341,12,16,19,20,23,20,160.088,4,6,7,0,0,0,0,1,1,0,5,12,8,2,3,0,1,2,5,3,20,0
869,12.363,18,24,29,32,38,34,210.175,3,12,14,0,0,0,0,1,1,0,3,17,15,3,0,0,2,2,5,0,32,0
870,12.809,9,11,9,6,6,4,128.086,2,0,8,0,0,0,0,2,0,0,2,10,14,0,2,0,0,3,7,2,24,0
871,19.044,10,14,14,14,14,9,190.436,0,6,7,0,3,0,0,0,0,3,3,10,5,0,0,0,1,0,4,0,15,0
872,12.676,12,18,19,19,23,20,152.108,2,6,10,0,0,0,0,0,2,0,2,12,14,0,2,0,1,0,6,2,26,0
873,18.999,11,16,16,16,18,17,208.992,2,6,6,0,0,0,0,1,3,0,5,11,8,1,3,0,1,1,4,3,19,0
874,13.562,9,12,13,14,12,8,122.059,2,0,5,0,0,0,0,2,2,0,4,9,7,1,3,0,1,1,7,3,16,0
875,12.011,9,11,12,12,12,7,108.099,0,6,9,0,0,0,0,0,0,0,0,9,12,0,0,0,1,1,3,0,21,0
876,12.011,9,11,12,12,12,7,108.099,0,6,9,0,0,0,0,1,0,0,0,9,10,0,0,0,1,1,2,0,19,0
877,13.008,10,13,14,15,16,10,130.082,2,6,7,0,0,0,0,1,2,0,3,10,7,1,2,0,1,1,3,2,17,0
878,12.609,10,13,14,15,16,10,126.094,2,6,8,0,0,0,0,0,1,0,2,10,11,1,1,0,1,1,4,1,21,0
879,13.008,10,13,14,15,16,10,130.082,2,6,7,0,0,0,0,1,0,0,3,10,7,1,2,0,1,1,3,2,17,0
880,13.208,10,13,14,15,16,10,132.078,3,6,6,0,0,0,0,1,1,0,4,10,6,2,2,0,1,1,3,2,16,0
881,13.545,13,18,22,23,26,24,176.083,5,6,8,0,0,0,0,1,3,0,5,13,8,0,5,0,1,1,6,5,21,0
882,16.915,12,17,20,21,24,20,202.984,3,6,6,0,2,0,0,1,1,2,6,12,4,2,2,0,1,1,5,2,16,0
883,13.099,11,15,17,17,20,16,144.089,3,6,7,0,0,0,0,1,1,0,4,11,8,2,2,0,1,1,4,2,19,0
884,13.099,11,15,17,17,20,16,144.089,3,6,7,0,0,0,0,1,1,0,4,11,8,2,2,0,1,1,4,2,19,0
885,12.736,11,14,16,16,18,15,140.097,2,6,9,0,0,0,0,1,0,0,2,11,10,0,2,0,1,1,4,2,21,0
886,13.099,11,14,16,16,18,15,144.085,3,6,8,0,0,0,0,1,1,0,3,11,8,0,3,0,1,1,4,3,19,0
887,13.008,10,13,14,14,16,13,130.082,2,6,7,0,0,0,0,1,0,0,3,10,7,1,2,0,1,1,3,2,17,0
888,15.352,10,13,14,14,16,13,153.524,2,6,6,0,1,0,0,1,0,1,4,10,4,1,2,0,1,1,3,2,14,0
889,13.208,10,13,14,14,16,13,132.078,3,6,6,0,0,0,0,1,1,0,4,10,6,2,2,0,1,1,3,2,16,0
890,13.099,11,14,16,16,18,17,144.089,3,6,7,0,0,0,0,1,1,0,4,11,8,2,2,0,1,2,4,2,19,0
891,13.174,12,16,18,18,20,21,158.092,3,6,8,0,0,0,0,2,0,0,4,12,7,1,3,0,1,2,4,3,19,0
892,12.759,7,7,7,5,2,0,102.072,2,0,6,0,0,0,0,0,1,0,2,8,15,1,1,0,0,4,7,1,23,0
893,12.26,8,9,10,10,10,5,98.084,1,6,7,0,0,0,0,0,0,0,1,8,5,1,0,0,1,0,1,0,13,1
894,12.26,8,9,10,10,10,5,98.084,1,6,7,0,0,0,0,0,1,0,1,8,9,1,0,0,1,1,2,0,17,0
895,13.008,8,9,10,10,10,5,104.068,2,0,5,0,0,0,0,1,0,0,3,8,10,2,1,0,1,1,7,1,18,0
896,15.004,18,25,30,34,42,40,255.063,2,12,13,0,2,0,0,0,2,2,4,17,12,2,0,0,2,2,6,0,29,0
897,12.438,15,19,22,27,31,27,174.138,2,12,12,0,0,0,0,0,2,0,2,14,11,1,1,0,2,2,3,1,25,0
898,16.132,20,27,31,36,43,39,306.515,1,12,13,0,3,0,0,1,2,3,6,19,9,2,1,0,2,2,7,1,28,0
899,12.676,12,15,16,16,18,13,152.112,1,6,9,0,0,0,0,1,1,0,3,12,12,2,1,0,1,1,5,1,24,0
900,12.296,15,19,22,26,32,26,172.146,2,12,12,0,0,0,0,0,2,0,2,14,12,2,0,0,2,2,3,0,26,0
901,13.895,18,24,28,32,40,38,236.211,4,12,12,0,0,0,0,1,1,0,5,17,10,2,2,0,2,3,5,2,27,0
902,12.221,20,27,32,36,44,46,232.201,2,12,17,0,0,0,0,0,0,0,2,19,22,2,0,0,2,4,8,0,41,0
903,12.598,18,23,28,32,40,38,214.159,3,12,14,0,0,0,0,0,1,0,3,17,15,1,2,0,2,4,6,2,32,0
904,12.246,18,23,26,32,38,34,208.179,2,12,15,0,0,0,0,0,2,0,2,17,18,2,0,0,2,4,6,0,35,0
905,12.277,16,21,24,28,36,30,184.157,2,12,13,0,0,0,0,0,2,0,2,15,14,2,0,0,2,2,4,0,29,0
906,13.973,16,21,24,28,36,30,209.591,2,12,12,0,1,0,0,0,1,1,3,15,10,1,1,0,2,2,4,1,25,0
907,12.165,14,17,20,24,28,22,158.139,1,0,12,0,0,0,0,0,1,0,1,13,23,1,0,0,2,2,14,0,36,0
908,12.26,16,20,22,24,28,25,196.168,2,6,14,0,0,0,0,0,2,0,2,16,24,2,0,0,1,6,10,0,40,0
909,12.385,17,21,24,29,32,26,198.164,1,12,13,0,0,0,0,1,2,0,3,16,13,3,0,0,2,2,4,0,29,0
910,12.51,17,21,24,29,32,26,200.156,1,12,13,0,0,0,0,1,2,0,3,16,12,2,1,0,2,2,4,1,28,0
911,12.736,11,14,14,17,17,14,140.101,2,6,8,0,0,0,0,1,2,0,3,11,10,2,1,0,1,1,4,1,21,0
912,12.609,10,13,15,15,17,12,126.094,2,6,8,0,0,0,0,0,1,0,2,10,11,1,1,0,1,1,4,1,21,0
913,15.017,18,24,31,41,49,50,240.268,5,10,11,0,0,0,0,0,0,0,5,16,12,2,1,0,3,2,8,1,28,0
914,12.51,11,11,11,11,10,7,150.116,2,0,10,0,0,0,0,0,1,0,2,12,23,1,1,0,0,8,11,1,35,0
915,12.625,25,28,29,28,29,26,328.238,4,0,22,0,0,0,0,2,0,0,4,26,42,0,4,0,0,17,23,4,68,0
916,19.555,9,10,11,12,12,7,175.992,0,6,8,1,0,0,0,0,0,1,1,9,9,0,0,0,1,2,3,0,18,0
917,12.676,9,10,11,12,12,7,114.083,1,6,7,0,0,0,0,1,1,0,2,9,7,1,1,0,1,2,2,1,16,0
918,12.555,11,14,14,16,18,13,138.105,1,6,9,0,0,0,0,1,1,0,2,11,11,1,1,0,1,1,4,1,22,0
919,13.103,42,45,48,50,54,55,550.326,12,6,30,0,0,0,0,1,1,0,12,42,53,1,11,0,1,32,35,11,95,0
920,12.454,8,8,8,6,4,2,112.087,1,0,8,0,0,0,0,0,1,0,1,9,18,0,1,0,0,5,8,1,27,0
921,12.581,6,6,5,3,1,0,88.065,1,0,6,0,0,0,0,0,1,0,1,7,14,0,1,0,0,3,6,1,21,0
922,13.436,6,6,5,3,1,0,94.049,3,0,4,0,0,0,0,1,0,0,3,7,5,1,2,0,0,1,4,2,12,1
923,12.454,9,12,13,13,14,8,112.087,1,6,8,0,0,0,0,0,1,0,1,9,10,0,1,0,1,0,3,1,19,0
924,20.747,8,10,10,10,12,5,165.977,1,6,6,1,0,0,0,0,1,1,2,8,6,1,0,0,1,0,2,0,14,0
925,13.606,9,10,9,6,6,4,136.062,4,0,6,0,0,0,0,2,0,0,4,10,10,0,4,0,0,3,7,4,20,0
926,12.809,12,18,22,27,33,36,128.086,2,0,8,0,0,0,0,0,0,0,2,10,12,0,2,0,3,1,12,2,22,0
927,12.296,6,7,4,4,0,0,86.073,1,0,6,0,0,0,0,0,1,0,1,7,15,1,0,0,0,2,6,0,22,0
928,13.72,6,7,4,4,0,0,96.041,3,0,4,0,0,0,0,2,0,0,3,7,6,0,3,0,0,0,4,3,13,0
929,13.72,7,9,9,10,6,2,96.041,3,0,4,0,0,0,0,2,0,0,3,7,4,0,3,0,1,0,5,3,11,0
930,17.663,8,9,8,6,4,1,158.971,1,0,6,0,2,0,0,0,0,2,3,9,12,0,1,0,0,4,8,1,21,0
931,12.233,9,12,12,15,12,10,110.095,1,6,8,0,0,0,0,0,1,0,1,9,11,1,0,0,1,0,3,0,20,0
932,21.71,7,8,8,8,8,3,151.97,0,6,6,1,0,0,0,0,0,1,1,7,5,0,0,0,1,0,1,0,12,0
933,12.581,7,8,8,8,8,3,88.065,1,0,6,0,0,0,0,0,1,0,1,7,12,0,1,0,1,0,7,1,19,0
934,12.581,7,8,8,8,8,3,88.065,1,0,6,0,0,0,0,1,0,0,1,7,10,0,1,0,1,0,6,1,17,0
935,12.296,7,8,8,8,8,3,86.073,1,6,6,0,0,0,0,0,0,0,1,7,7,1,0,0,1,0,1,0,14,0
936,15.645,7,8,8,8,8,3,109.515,1,6,5,0,1,0,0,0,0,1,2,7,4,1,0,0,1,0,1,0,11,0
937,13.15,6,6,4,3,2,0,92.053,1,0,5,0,0,0,0,1,1,0,2,7,10,0,2,0,0,3,5,2,17,0
938,12.809,9,14,7,6,9,0,128.086,2,0,8,0,0,0,0,0,2,0,2,10,18,0,2,0,0,3,9,2,28,0
939,13.008,7,8,5,4,4,0,104.064,2,0,6,0,0,0,0,2,0,0,2,8,10,0,2,0,0,3,5,2,18,0
940,13.099,10,11,10,7,6,6,144.089,2,0,7,0,0,0,0,4,2,0,4,11,10,2,2,0,0,4,6,2,21,0
941,13.34,5,4,3,2,1,0,80.042,2,0,4,0,0,0,0,0,2,0,2,6,10,0,2,0,0,3,5,2,16,0
942,12.897,8,8,6,5,4,3,116.075,1,0,7,0,0,0,0,1,1,0,2,9,14,0,2,0,0,5,7,2,23,0
943,15.284,10,11,8,7,6,5,168.129,3,0,6,0,0,0,0,2,2,0,5,11,10,0,4,0,0,6,8,4,21,0
944,12.581,6,5,4,3,2,1,88.065,1,0,6,0,0,0,0,0,1,0,1,7,14,0,1,0,0,4,6,1,21,0
945,13.436,6,5,4,3,2,1,94.049,3,0,4,0,0,0,0,0,3,0,3,7,11,1,2,0,0,4,6,2,18,0
946,19.278,6,5,4,3,2,1,134.949,1,0,4,0,2,0,0,0,0,2,3,7,8,0,1,0,0,4,6,1,15,0
947,13.72,6,5,4,3,2,1,96.041,3,0,4,0,0,0,0,0,2,0,3,7,10,0,3,0,0,4,6,3,17,0
948,12.51,7,6,5,4,3,2,100.08,2,0,6,0,0,0,0,0,0,0,2,8,8,2,0,0,0,3,5,0,16,2
949,13.008,7,6,5,4,3,2,104.064,2,0,6,0,0,0,0,0,1,0,2,8,14,0,2,0,0,5,7,2,22,0
950,18.107,8,7,6,5,4,3,162.959,2,0,5,0,2,0,0,0,0,2,4,9,10,0,2,0,0,6,8,2,19,0
951,12.736,10,10,8,7,6,5,140.097,1,0,9,0,0,0,0,1,1,0,2,11,18,0,2,0,0,7,9,2,29,0
952,12.809,14,13,12,11,10,9,192.129,3,0,12,0,0,0,0,0,0,0,3,15,26,0,3,0,0,12,14,3,41,0
953,20.253,20,36,58,85,110,117,384.813,2,0,9,0,6,0,0,3,2,6,10,19,4,0,4,0,2,2,17,4,23,0
954,13.15,6,7,6,2,0,0,92.053,1,0,5,0,0,0,0,1,1,0,2,7,10,0,2,0,0,2,5,2,17,0
955,12.746,21,31,46,65,87,95,242.169,4,12,15,0,0,0,0,2,1,0,4,19,11,1,3,0,3,1,7,3,30,0
956,12.787,20,30,44,62,82,87,230.158,4,12,14,0,0,0,0,2,2,0,4,18,9,1,3,0,3,0,6,3,27,0
957,12.509,17,22,28,36,40,34,200.152,1,12,14,0,0,0,0,1,1,0,2,16,12,0,2,0,2,3,4,2,28,0
958,15.487,20,32,39,54,64,68,294.245,5,11,10,0,0,0,0,4,3,0,9,19,9,1,6,0,2,2,5,6,28,0
959,12.598,19,28,40,55,74,80,214.159,3,12,14,0,0,0,0,2,1,0,3,17,9,1,2,0,3,0,5,2,26,0
960,12.581,28,34,41,46,52,49,352.26,4,6,24,0,0,0,0,2,0,0,4,28,38,0,4,0,1,14,20,4,66,0
961,13.34,15,20,26,31,36,33,200.105,4,6,10,0,0,0,0,1,1,0,5,15,12,0,5,0,1,4,8,5,27,0
962,12.715,18,23,28,32,35,29,216.151,3,12,14,0,0,0,0,1,1,0,3,17,12,0,3,0,2,3,5,3,29,0
963,13.34,9,12,14,13,12,8,120.063,3,6,6,0,0,0,0,1,1,0,3,9,6,0,3,0,1,0,2,3,15,0
964,12.809,10,13,15,16,14,9,128.086,1,6,8,0,0,0,0,1,1,0,2,10,8,0,2,0,1,1,3,2,18,0
965,12.842,26,35,45,58,75,85,308.204,5,17,19,0,0,0,0,2,0,0,5,24,16,0,5,0,3,5,7,5,40,0
966,12.509,17,22,28,32,36,30,200.152,2,12,14,0,0,0,0,1,1,0,2,16,12,0,2,0,2,3,4,2,28,0
967,12.759,17,22,27,33,38,34,204.144,3,12,12,0,0,0,0,1,1,0,4,16,10,2,2,0,2,3,4,2,26,0
968,14.279,16,24,29,35,44,48,214.181,3,11,10,0,0,0,0,2,2,0,5,15,9,1,3,0,2,1,3,3,24,0
969,14.814,21,28,35,42,46,42,296.284,4,12,14,0,0,0,0,2,2,0,6,20,10,0,4,0,2,5,7,4,30,0
970,12.676,19,26,34,40,50,52,228.166,4,12,14,0,0,0,0,0,2,0,4,18,16,2,2,0,2,3,7,2,34,0
971,12.26,17,24,30,34,44,44,196.168,2,12,14,0,0,0,0,0,2,0,2,16,16,2,0,0,2,1,5,0,32,0
972,12.778,13,16,20,23,25,22,166.115,3,6,10,0,0,0,0,0,1,0,3,13,15,1,2,0,1,4,7,2,28,0
973,13.84,16,21,25,30,37,31,207.595,1,12,13,0,1,0,0,0,1,1,2,15,11,0,1,0,2,2,4,1,26,0
974,12.555,11,14,16,18,20,13,138.105,2,6,9,0,0,0,0,0,2,0,2,11,13,1,1,0,1,2,5,1,24,0
975,12.48,18,23,28,32,36,30,212.163,2,12,15,0,0,0,0,2,0,0,2,17,12,0,2,0,2,4,4,2,29,0
976,12.555,11,14,15,17,18,11,138.105,1,6,9,0,0,0,0,1,1,0,2,11,11,1,1,0,1,1,4,1,22,0
977,12.625,13,19,21,24,26,21,164.119,2,6,11,0,0,0,0,0,1,0,2,13,16,0,2,0,1,1,7,2,29,0
978,15.895,14,21,23,25,29,30,222.529,2,6,7,0,1,3,0,1,0,4,7,14,3,1,2,0,1,1,7,2,17,0
979,13.008,12,15,18,20,23,18,156.096,3,6,9,0,0,0,0,1,1,0,3,12,10,0,3,0,1,3,5,3,22,0
980,13.34,12,16,19,20,23,20,160.084,3,6,8,0,0,0,0,1,2,0,4,12,8,0,4,0,1,2,5,4,20,0
981,17.929,14,20,20,22,24,25,251.009,2,6,7,0,0,0,0,2,4,0,7,14,9,2,4,0,1,2,6,4,23,0
982,15.791,9,12,13,14,12,8,142.119,5,5,3,0,0,0,0,1,1,0,6,9,3,3,2,0,1,1,3,2,12,0
983,13.174,12,16,18,19,22,18,158.092,3,6,8,0,0,0,0,2,0,0,4,12,7,1,3,0,1,2,4,3,19,0
984,13.34,12,16,18,19,22,18,160.084,2,6,8,0,0,0,0,2,2,0,4,12,6,0,4,0,1,2,4,4,18,0
985,12.48,20,30,46,68,93,112,212.167,2,16,14,0,0,0,0,1,1,0,3,17,8,2,1,0,4,0,3,1,25,0
986,12.51,27,39,56,76,105,117,300.232,4,11,20,0,0,0,0,1,1,0,4,24,24,2,2,0,5,4,15,2,48,0
987,12.897,18,22,27,32,36,31,232.15,4,6,14,0,0,0,0,2,0,0,4,18,18,0,4,0,1,6,10,4,36,0
988,12.897,18,22,27,32,36,31,232.15,4,6,14,0,0,0,0,4,0,0,4,18,14,0,4,0,1,6,8,4,32,0
989,12.326,21,28,37,47,59,57,234.197,3,17,16,0,0,0,0,1,1,0,3,19,13,3,0,0,3,2,3,0,32,0
990,12.897,19,26,34,41,47,46,232.15,4,12,14,0,0,0,0,1,2,0,4,18,12,0,4,0,2,3,6,4,30,0
991,13.008,21,29,38,46,54,57,260.16,5,12,15,0,0,0,0,1,2,0,5,20,14,0,5,0,2,4,8,5,34,0
992,12.759,17,23,29,35,40,37,204.14,3,12,13,0,0,0,0,1,2,0,3,16,10,0,3,0,2,2,4,3,26,0
993,12.26,18,26,38,55,73,83,196.168,2,15,14,0,0,0,0,0,1,0,2,16,14,2,0,0,3,1,3,0,30,0
994,12.536,21,29,39,52,69,73,238.181,2,17,16,0,0,0,0,1,1,0,3,19,11,1,2,0,3,2,3,2,30,0
995,12.565,19,24,29,33,35,29,226.17,3,12,15,0,0,0,0,1,1,0,3,18,15,1,2,0,2,4,6,2,33,0
996,12.851,21,31,43,60,80,94,244.161,4,15,15,0,0,0,0,1,0,0,4,19,14,0,4,0,3,2,5,4,33,0
997,16.749,12,17,20,23,24,16,200.988,2,6,7,0,2,0,0,1,2,2,5,12,5,1,2,0,1,1,5,2,17,0
998,13.462,12,17,22,29,30,30,148.085,5,9,4,0,0,0,0,1,3,0,7,11,4,6,1,0,2,0,2,1,15,0
999,14.583,14,18,20,23,25,21,204.162,3,6,9,0,0,0,0,2,2,0,5,14,8,0,4,0,1,4,6,4,22,0
