,kappa1,kappa2,kappa3,kappam1,kappam2,kappam3,phi
0,11.077,4.481,2.721,9.398,3.359,1.909,2.428298615384615
1,9.091,3.6,1.975,7.398,2.494,1.236,1.6773283636363636
2,9.091,3.6,1.975,8.893,3.465,1.882,2.801295
3,9.091,3.6,2.215,7.398,2.494,1.403,1.6773283636363636
4,9.091,3.6,1.975,7.398,2.494,1.236,1.6773283636363636
5,9.0,3.92,4.5,8.54,3.543,4.071,3.361913333333333
6,7.0,4.167,6.0,6.43,3.614,5.43,3.319717142857143
7,9.091,4.133,3.265,7.595,3.053,2.292,2.1079577272727272
8,9.0,4.84,5.878,8.1,4.027,4.963,3.6243
9,4.0,3.0,4.0,3.92,2.92,4.007,2.8615999999999997
10,13.0,6.453,7.101,11.41,5.126,5.656,4.499050769230769
11,6.694,2.56,1.12,5.16,1.663,0.641,0.858108
12,13.959,5.413,2.276,12.235,4.384,1.748,2.8230652631578947
13,9.091,3.6,2.5,7.319,2.446,1.568,1.6274794545454547
14,8.1,2.939,1.55,7.902,2.811,1.466,2.2212522
15,7.111,3.24,2.0,5.82,2.307,1.288,1.49186
16,12.457,5.558,3.25,11.572,4.948,2.823,3.578641
17,19.326,8.393,6.094,16.401,6.425,4.498,4.581583695652173
18,6.125,2.52,1.488,4.967,1.738,0.92,1.07908075
19,18.05,8.444,5.379,16.644,7.393,4.585,6.1524545999999996
20,13.44,2.222,0.45,15.796,2.959,0.636,2.225731619047619
21,22.203,7.848,3.457,21.577,7.491,3.267,5.573562310344828
22,13.0,5.024,4.688,11.37,3.854,3.518,3.3707676923076924
23,17.355,6.63,4.26,16.048,5.812,3.656,4.441475047619047
24,7.639,3.164,1.6,6.16,2.235,1.026,1.2516
25,6.125,2.52,1.488,5.162,1.865,1.009,1.20339125
26,8.1,3.408,1.991,6.608,2.39,1.271,1.579312
27,12.457,5.104,3.03,10.419,3.809,2.133,2.4803731875
28,10.0,7.111,9.143,9.47,6.588,8.625,6.238836000000001
29,7.0,3.061,6.0,6.43,2.577,5.43,2.3671585714285714
30,7.111,3.24,1.704,5.948,2.396,1.134,1.5834897777777777
31,11.077,5.672,4.152,9.25,4.252,2.944,3.025461538461538
32,8.0,3.111,2.812,6.94,2.299,1.996,1.9943825
33,7.111,2.722,1.704,6.066,2.046,1.188,1.379004
34,9.0,3.92,4.5,7.9,3.032,3.48,2.6614222222222224
35,8.0,2.52,7.2,7.62,2.259,6.836,2.1516975
36,10.083,4.297,3.114,8.387,3.127,2.143,2.1855124166666666
37,9.0,6.125,8.0,8.43,5.565,7.43,5.21255
38,6.125,2.083,1.25,5.084,1.467,0.803,0.9322785
39,6.125,2.52,1.8,4.83,1.651,1.07,0.99679125
40,12.457,5.104,2.651,11.058,4.203,2.087,2.9047983750000004
41,7.639,3.164,1.6,6.403,2.381,1.113,1.3859584545454544
42,13.648,4.75,1.961,12.432,4.095,1.636,2.545452
43,10.0,4.76,3.702,9.14,4.036,3.044,3.688904
44,10.083,3.395,1.562,11.813,4.506,2.234,4.4357815
45,20.0,10.688,9.562,18.19,9.151,8.086,8.3228345
46,6.125,3.111,1.8,5.309,2.471,1.325,1.639817375
47,9.551,4.022,2.083,7.857,2.936,1.402,1.7744732307692308
48,11.484,4.888,2.571,9.455,3.57,1.739,2.2502899999999997
49,13.959,5.413,2.276,12.235,4.384,1.748,2.8230652631578947
50,10.083,5.612,4.592,10.252,5.754,4.724,4.915833999999999
51,10.083,3.395,1.562,9.845,3.25,1.478,2.666354166666667
52,13.432,6.25,3.484,11.513,4.908,2.584,3.323870823529412
53,13.067,5.365,2.982,12.34,4.862,2.639,3.9998053333333337
54,12.457,5.558,3.25,10.545,4.264,2.356,2.8102425
55,8.1,4.0,3.111,6.805,3.012,2.228,2.0496659999999998
56,6.694,2.939,1.383,5.482,2.143,0.917,1.1747926
57,14.917,6.012,3.122,12.349,4.45,2.171,2.7476525
58,7.111,3.24,2.0,5.751,2.259,1.253,1.4435010000000001
59,7.111,3.24,2.0,5.751,2.259,1.253,1.4435010000000001
60,8.592,3.806,1.86,7.743,3.233,1.51,2.0860932500000002
61,7.111,3.24,2.0,6.145,2.534,1.457,1.7301588888888886
62,9.0,8.0,8.0,8.96,7.96,7.96,7.924622222222222
63,8.1,3.408,2.286,6.608,2.39,1.482,1.579312
64,10.083,3.395,1.562,10.55,3.686,1.734,3.2406083333333338
65,9.242,3.868,1.648,7.571,2.845,1.117,1.5385353571428573
66,7.111,3.92,2.38,6.302,3.254,1.859,2.2785231111111113
67,9.551,4.022,2.083,7.791,2.895,1.378,1.7349957692307691
68,10.083,4.297,2.493,8.258,3.042,1.619,2.093403
69,7.111,3.24,2.0,5.751,2.259,1.253,1.4435010000000001
70,5.0,2.25,4.0,4.92,2.175,3.92,2.1401999999999997
71,7.111,3.24,2.0,5.682,2.212,1.218,1.3965093333333334
72,7.111,3.24,2.0,5.682,2.212,1.218,1.3965093333333334
73,10.083,4.297,2.493,8.189,2.997,1.589,2.04520275
74,6.0,3.2,5.333,5.43,2.656,4.842,2.40368
75,12.0,5.612,3.516,11.47,5.175,3.174,4.9464375
76,7.0,2.344,6.0,6.87,2.248,5.87,2.2062514285714285
77,8.592,3.806,1.701,7.373,2.991,1.244,1.83772025
78,6.125,2.52,1.8,4.83,1.651,1.07,0.99679125
79,4.0,1.333,0.0,3.27,0.711,0.817,0.5812425
80,20.28,7.356,3.438,18.11,6.128,2.759,4.11029925925926
81,9.091,3.6,2.215,7.546,2.586,1.468,1.7739960000000001
82,12.071,5.186,2.994,10.332,3.972,2.152,2.9313360000000004
83,9.091,4.133,2.5,7.754,3.163,1.782,2.2296274545454544
84,13.432,5.76,3.062,11.455,4.454,2.228,3.00121
85,19.934,7.922,3.26,17.188,6.307,2.462,3.871597
86,9.242,3.868,1.648,7.444,2.771,1.081,1.4733802857142855
87,10.516,3.539,1.455,8.735,2.568,0.971,1.6022485714285715
88,16.844,7.266,3.165,15.061,6.103,2.541,4.178058318181818
89,21.703,8.789,4.452,19.053,7.123,3.45,5.026463666666667
90,8.592,3.395,1.562,6.911,2.373,0.991,1.3666502500000002
91,19.753,8.792,4.296,17.434,7.239,3.377,5.0481890400000005
92,11.484,4.473,2.571,9.763,3.416,1.857,2.2233605333333335
93,20.727,7.788,3.806,17.831,6.075,2.819,4.166281730769231
94,6.694,2.56,1.12,5.224,1.698,0.658,0.8870352
95,15.879,6.63,3.673,13.606,5.197,2.742,3.367161047619047
96,15.879,5.894,3.062,13.548,4.548,2.244,2.9341097142857144
97,32.514,15.852,10.413,28.904,13.229,8.434,10.062395157894736
98,8.592,4.297,2.25,6.977,3.133,1.502,1.8215784166666669
99,8.1,2.939,1.75,8.556,3.238,1.971,2.7704327999999996
100,11.077,5.024,3.704,10.153,4.347,3.125,3.3950070000000006
101,13.067,6.554,5.04,12.141,5.831,4.404,4.719611400000001
102,9.091,3.6,2.215,7.398,2.494,1.403,1.6773283636363636
103,19.326,8.393,4.989,16.559,6.527,3.692,4.699156217391304
104,11.077,4.481,2.721,8.912,3.052,1.695,2.092263384615385
105,7.111,2.722,2.0,5.81,1.889,1.283,1.2194544444444444
106,14.41,5.551,3.135,12.457,4.349,2.34,3.0097496111111113
107,9.242,3.539,1.547,7.626,2.613,1.06,1.4233384285714286
108,13.959,5.413,2.492,12.549,4.566,2.02,3.015722842105263
109,6.125,2.52,1.488,5.309,1.961,1.078,1.301368625
110,9.551,3.63,1.646,8.601,3.053,1.321,2.0199117692307693
111,4.167,1.633,0.98,3.142,0.965,0.475,0.5053383333333333
112,20.727,9.467,5.093,17.821,7.492,3.832,5.1351896923076925
113,8.0,3.111,7.2,7.87,3.009,7.075,2.96010375
114,13.959,5.413,2.276,12.302,4.423,1.767,2.863776105263158
115,10.516,4.245,1.883,8.735,3.132,1.279,1.9541442857142857
116,8.0,3.938,7.2,6.87,2.95,6.128,2.5333125
117,15.879,6.63,3.347,14.112,5.508,2.668,3.701376
118,19.934,7.922,3.353,17.039,6.222,2.494,3.786309214285715
119,5.143,2.344,1.5,4.118,1.599,0.892,0.9406688571428573
120,9.091,4.133,2.5,9.007,4.07,2.452,3.33259
121,11.077,5.024,3.324,9.379,3.799,2.366,2.7408323846153846
122,9.091,4.133,2.5,7.556,3.026,1.684,2.078586909090909
123,16.467,6.379,3.018,14.302,5.115,2.309,3.180640434782609
124,13.959,5.78,2.492,11.469,4.242,1.689,2.5606051578947366
125,17.355,8.022,4.733,15.302,6.575,3.72,4.790983333333334
126,18.05,7.852,4.765,15.966,6.376,3.707,5.0899608
127,13.432,5.325,2.56,12.311,4.613,2.14,3.3406260588235295
128,14.41,5.97,2.963,13.003,5.049,2.407,3.6473415
129,9.551,3.63,1.92,7.791,2.585,1.261,1.5492103846153849
130,14.41,5.551,2.659,12.895,4.611,2.114,3.3032691666666665
131,10.516,4.245,2.343,8.62,3.064,1.573,1.8865485714285712
132,12.457,5.558,3.03,11.019,4.576,2.384,3.1514339999999996
133,10.516,4.68,2.173,9.09,3.717,1.618,2.413395
134,10.173,4.108,1.744,8.237,2.953,1.149,1.6215907333333333
135,14.41,6.438,3.526,12.769,5.312,2.784,3.768273777777778
136,14.41,6.438,3.526,12.291,4.995,2.582,3.4107525
137,10.173,4.108,1.744,8.798,3.276,1.31,1.9214832
138,12.457,4.704,1.966,10.941,3.786,1.493,2.588914125
139,13.959,5.78,3.03,11.592,4.315,2.124,2.632604210526316
140,13.005,5.551,2.805,10.838,4.183,1.983,2.5186307777777777
141,12.457,4.704,1.966,10.622,3.6,1.4,2.3899500000000002
142,8.592,3.395,1.562,6.779,2.298,0.951,1.2981785
143,13.005,4.836,2.077,11.252,3.828,1.555,2.3929253333333333
144,22.042,12.369,7.424,19.946,10.633,6.145,8.836909083333333
145,59.309,30.011,20.707,55.886,27.392,18.638,23.551220184615385
146,23.659,10.543,5.627,20.415,8.363,4.246,5.887263620689654
147,10.0,4.0,3.702,10.01,4.008,3.71,4.012008
148,9.091,4.133,3.265,7.595,3.053,2.292,2.1079577272727272
149,13.067,4.888,3.811,11.841,4.1,3.125,3.2365399999999993
150,11.077,4.022,3.324,10.024,3.358,2.717,2.589276307692308
151,16.056,8.227,4.267,14.999,7.391,3.715,6.158756055555556
152,18.34,8.203,5.551,16.48,6.913,4.552,5.178465454545455
153,5.0,2.25,4.0,4.43,1.722,3.43,1.5256919999999998
154,12.0,5.612,6.25,10.94,4.745,5.302,4.325858333333334
155,13.067,6.554,5.04,11.236,5.143,3.806,3.852449866666667
156,14.41,6.438,3.75,12.165,4.912,2.702,3.319693333333333
157,10.173,4.108,1.744,8.237,2.953,1.149,1.6215907333333333
158,12.071,5.778,4.889,10.242,4.411,3.621,3.2269615714285713
159,25.037,13.265,8.1,23.369,11.921,7.102,10.317846259259259
160,12.457,5.558,2.831,10.583,4.289,2.047,2.8369054375
161,13.005,5.551,2.805,10.904,4.223,2.006,2.5581995555555554
162,12.071,5.778,3.592,9.627,3.972,2.261,2.731317428571429
163,16.372,7.852,4.765,13.735,5.968,3.422,4.098523999999999
164,16.056,8.227,3.996,14.999,7.391,3.471,6.158756055555556
165,14.41,6.963,3.996,12.759,5.77,3.173,4.089968333333333
166,6.694,2.56,1.12,5.16,1.663,0.641,0.858108
167,11.077,4.481,2.083,10.838,4.317,1.984,3.599049692307692
168,30.225,14.074,9.436,28.725,12.98,8.591,10.966191176470588
169,18.34,6.857,4.308,17.572,6.379,3.961,5.095081272727272
170,13.067,5.365,3.5,11.485,4.288,2.678,3.2831786666666667
171,14.41,6.438,3.996,14.312,6.369,3.945,5.064062666666667
172,17.416,7.709,3.759,15.674,6.577,3.095,4.295329083333333
173,13.432,5.325,2.56,11.64,4.201,1.904,2.876449411764706
174,12.071,5.778,4.388,10.044,4.268,3.09,3.061985142857143
175,11.484,4.473,1.969,9.58,3.309,1.342,2.1133480000000002
176,9.551,3.293,1.333,7.781,2.317,0.851,1.3868136153846156
177,24.271,12.0,6.016,21.945,10.264,4.938,8.04441
178,19.753,9.274,5.042,17.521,7.722,4.032,5.411886480000001
179,15.523,6.857,3.299,13.611,5.63,2.59,3.4831786363636366
180,8.592,4.297,2.25,7.743,3.675,1.843,2.37129375
181,12.457,5.558,2.831,10.67,4.346,2.081,2.89823875
182,13.959,5.78,2.492,11.658,4.354,1.745,2.6715227368421055
183,15.39,7.136,4.231,13.833,6.035,3.454,4.3937976315789475
184,12.055,4.592,1.96,9.902,3.351,1.322,1.9518589411764704
185,20.878,8.501,3.552,17.971,6.756,2.675,4.186623310344827
186,10.516,4.245,2.02,8.812,3.178,1.404,2.000324
187,10.083,4.297,2.493,8.585,3.258,1.765,2.3308275000000003
188,13.648,5.025,2.037,11.796,3.996,1.536,2.3568407999999996
189,18.367,7.197,3.022,15.006,5.233,2.038,3.14105592
190,13.648,4.263,1.695,13.044,3.96,1.55,2.582712
191,11.077,5.024,3.324,9.25,3.709,2.297,2.639096153846154
192,25.641,12.497,6.865,22.414,10.263,5.418,6.765731823529412
193,17.053,9.031,8.0,15.467,7.759,6.785,6.3162343684210525
194,14.062,5.104,3.495,12.509,4.13,2.735,3.228885625
195,12.071,5.778,4.388,10.978,4.95,3.671,3.8815071428571426
196,13.959,5.78,2.741,11.592,4.315,1.909,2.632604210526316
197,13.0,8.592,12.0,11.94,7.582,10.94,6.963775384615384
198,15.39,6.635,3.556,14.616,6.108,3.211,4.698659368421052
199,21.302,8.347,4.466,18.498,6.577,3.349,4.86645384
200,12.457,4.704,2.831,10.603,3.589,2.054,2.3783854375
201,21.703,7.68,4.951,19.607,6.476,4.077,4.702775259259259
202,21.302,10.364,7.637,18.991,8.667,6.229,6.58379988
203,7.111,3.24,2.0,5.82,2.307,1.288,1.49186
204,7.111,3.24,2.0,5.82,2.307,1.288,1.49186
205,16.844,6.857,3.165,15.311,5.894,2.625,4.101956090909091
206,12.535,4.75,1.821,10.219,3.487,1.244,1.78168265
207,10.083,4.889,3.114,8.585,3.759,2.25,2.6892512500000003
208,15.879,6.63,3.2,14.074,5.484,2.532,3.6753245714285714
209,20.727,8.163,5.093,19.179,7.2,4.404,5.311107692307692
210,12.457,6.667,4.077,10.429,5.121,2.948,3.3379318125000004
211,19.326,10.78,6.428,16.745,8.733,4.953,6.358003695652175
212,18.781,6.957,4.233,17.182,6.012,3.574,4.304090999999999
213,11.111,4.349,1.861,9.029,3.131,1.234,1.7668624375
214,14.583,6.246,2.812,11.916,4.599,1.925,2.609604
215,21.825,8.741,3.57,18.721,6.896,2.665,4.303333866666667
216,17.416,8.59,4.233,14.462,6.549,3.024,3.9463182500000005
217,21.703,10.684,6.5,18.325,8.273,4.789,5.614915740740741
218,18.05,9.107,5.379,16.783,8.114,4.662,6.808863100000001
219,20.727,9.467,5.75,19.209,8.42,5.006,6.220760769230769
220,9.551,3.63,1.646,8.965,3.27,1.442,2.2550423076923076
221,14.062,8.144,5.778,12.519,6.847,4.691,5.3573495625000005
222,21.302,9.796,6.282,18.754,7.997,4.945,5.999029520000001
223,14.0,5.778,13.091,13.82,5.64,12.912,5.567485714285715
224,20.045,12.426,9.037,18.499,11.075,7.883,9.312564772727272
225,12.071,6.478,4.388,10.57,5.269,3.414,3.978095
226,5.0,1.0,0.0,5.318,1.191,228.907,1.2667476
227,18.056,5.998,2.556,16.853,5.372,2.239,3.482089076923077
228,10.516,3.539,1.455,8.735,2.568,0.971,1.6022485714285715
229,7.639,1.837,0.666,7.326,1.701,0.605,1.132866
230,13.005,5.551,2.525,10.594,4.036,1.695,2.375410222222222
231,8.1,2.56,1.12,7.052,1.968,0.798,1.3878336
232,17.811,7.087,3.665,15.542,5.693,2.813,3.8469828695652173
233,11.077,6.453,4.688,9.726,5.315,3.706,3.976437692307693
234,18.0,8.992,9.6,16.54,7.787,8.328,7.1553877777777775
235,12.0,7.639,5.325,11.45,7.118,4.868,6.791758333333333
236,13.959,5.413,2.612,12.055,4.281,1.96,2.716181842105263
237,22.203,9.647,4.924,19.782,8.077,3.971,5.509628068965517
238,20.727,7.788,4.899,18.15,6.257,3.809,4.367867307692307
239,18.367,7.935,3.575,16.647,6.832,2.97,4.549292159999999
240,17.053,9.834,6.817,16.125,9.05,6.168,7.680592105263158
241,15.879,7.051,3.505,13.797,5.676,2.68,3.7291320000000003
242,13.432,4.281,2.56,12.301,3.667,2.137,2.6533980588235293
243,9.551,3.63,1.646,8.601,3.053,1.321,2.0199117692307693
244,8.1,2.939,1.75,7.417,2.507,1.439,1.8594419000000002
245,14.062,7.35,6.37,12.609,6.194,5.279,4.881259125
246,15.059,6.805,5.018,13.794,5.881,4.239,4.771912588235295
247,16.056,6.963,4.566,16.444,7.247,4.786,6.62053711111111
248,16.844,5.817,2.922,14.985,4.786,2.315,3.259918636363636
249,7.639,2.803,1.451,6.488,2.134,1.032,1.258672
250,10.516,4.245,2.173,8.496,2.991,1.407,1.8151097142857144
251,17.811,6.064,2.909,16.573,5.374,2.516,3.8723174782608694
252,20.28,10.156,5.538,17.948,8.5,4.459,5.650296296296296
253,15.059,9.0,5.928,13.385,7.57,4.782,5.960261764705883
254,15.523,6.481,2.811,13.919,5.488,2.287,3.4721578181818185
255,7.639,2.025,1.111,7.601,2.007,1.099,1.386837
256,13.959,5.413,2.38,11.516,3.975,1.621,2.4092684210526314
257,14.41,4.836,3.322,13.5,4.319,2.922,3.23925
258,11.484,4.888,2.397,9.58,3.648,1.656,2.329856
259,23.281,10.156,5.331,23.192,10.094,5.291,8.670372148148148
260,9.551,3.63,1.646,9.023,3.305,1.462,2.293924230769231
261,24.684,10.948,5.713,21.503,8.891,4.45,5.7934294848484855
262,16.372,7.32,4.023,15.047,6.4,3.414,4.815040000000001
263,14.062,6.074,4.424,12.848,5.212,3.708,4.185236
264,12.071,4.68,3.592,10.858,3.881,2.905,3.0099927142857146
265,20.314,7.709,5.762,19.149,6.977,5.156,5.566773875
266,18.34,7.266,4.521,17.208,6.536,3.994,5.1123403636363625
267,18.367,8.347,3.453,15.674,6.577,2.553,4.12351592
268,8.592,3.395,1.562,7.373,2.644,1.137,1.6245176666666667
269,16.467,7.087,3.52,14.546,5.871,2.799,3.7130246086956524
270,16.844,7.266,3.44,15.033,6.085,2.761,4.157991136363636
271,23.659,10.543,4.924,20.513,8.426,3.722,5.96008751724138
272,22.68,10.347,5.796,21.098,9.252,5.065,6.971382
273,18.056,7.111,2.951,16.333,6.1,2.445,3.8319730769230764
274,18.34,7.713,4.308,17.444,7.11,3.905,5.637583636363636
275,13.005,5.97,2.963,11.384,4.882,2.308,3.0875937777777778
276,17.811,6.379,3.819,16.969,5.889,3.481,4.344801782608696
277,17.416,5.75,3.021,16.344,5.183,2.676,3.5296230000000004
278,28.994,11.623,5.814,26.366,9.983,4.842,7.311438277777778
279,7.111,2.722,2.0,5.614,1.772,1.184,1.1053342222222222
280,13.432,5.325,3.062,11.475,4.102,2.236,2.76885
281,12.0,9.091,11.111,11.47,8.566,10.588,8.187668333333335
282,8.1,2.939,1.55,6.864,2.172,1.056,1.4908608
283,39.0,25.69,23.274,36.19,23.11,20.781,21.44489487179487
284,13.959,6.185,3.191,11.932,4.86,2.373,3.05208
285,19.048,11.552,8.265,17.342,10.08,7.022,8.32416
286,16.467,5.772,2.217,15.213,5.082,1.894,3.3614115652173915
287,21.24,6.498,2.395,19.925,5.833,2.1,4.150804464285715
288,17.053,7.695,5.479,16.504,7.29,5.146,6.332324210526316
289,10.516,3.539,2.02,9.484,2.963,1.636,2.0072208571428574
290,21.302,11.658,6.585,19.188,9.988,5.427,7.665989759999999
291,18.05,10.688,6.549,16.215,9.126,5.367,7.398904499999999
292,14.41,6.438,3.75,13.764,5.988,3.436,4.578824000000001
293,13.432,5.76,3.484,12.087,4.861,2.843,3.456171
294,14.062,4.349,3.25,13.684,4.132,3.069,3.5338929999999995
295,12.0,5.612,4.592,12.39,5.938,4.895,6.130985
296,14.062,5.558,3.25,11.564,3.928,2.131,2.838962
297,15.39,8.323,5.12,13.784,7.073,4.194,5.131275368421053
298,10.516,5.186,2.75,8.697,3.879,1.905,2.409690214285714
299,22.042,10.222,5.762,20.415,9.011,4.932,7.664981874999999
300,28.994,14.963,7.359,26.521,13.133,6.249,9.67500813888889
301,21.302,9.796,5.042,19.129,8.256,4.074,6.317160960000001
302,16.0,9.074,5.778,16.48,9.504,6.126,9.78912
303,14.0,8.32,7.04,15.27,9.493,8.162,10.354150714285714
304,10.0,5.76,4.48,9.47,5.27,4.026,4.99069
305,21.0,16.372,14.694,20.88,16.254,14.578,16.16112
306,15.059,8.163,5.928,13.574,6.958,4.908,5.555758352941176
307,21.825,9.469,4.578,19.209,7.812,3.625,5.0020236
308,21.24,9.871,5.202,18.377,7.941,3.995,5.211848464285714
309,13.432,6.805,4.0,12.359,6.002,3.427,4.363454
310,14.41,5.551,2.525,12.525,4.39,1.883,3.054708333333333
311,11.111,4.704,2.08,9.641,3.78,1.58,2.27768625
312,66.144,30.702,16.884,58.776,25.574,13.562,19.52126524675325
313,15.879,5.571,3.062,14.084,4.567,2.422,3.062934666666667
314,12.719,4.777,1.843,10.561,3.575,1.284,1.9871355263157895
315,19.048,10.68,6.743,17.471,9.373,5.738,7.7978896666666655
316,14.917,5.325,2.391,12.226,3.835,1.601,2.3443355
317,17.811,7.486,3.52,15.417,5.959,2.653,3.994343608695652
318,13.432,5.76,3.062,11.378,4.405,2.198,2.9482405882352944
319,19.322,7.438,3.56,17.568,6.398,2.969,4.323079384615385
320,19.322,7.788,3.56,17.882,6.902,3.071,4.7469832307692315
321,14.583,5.0,2.066,13.592,4.467,1.801,2.8912125714285715
322,17.053,7.695,4.5,15.537,6.59,3.719,5.388885789473684
323,14.0,9.551,7.04,13.84,9.397,6.9,9.289605714285715
324,10.083,4.889,2.778,8.585,3.759,1.985,2.6892512500000003
325,19.0,9.834,8.0,20.84,11.413,9.457,12.518258947368421
326,11.484,4.888,2.24,9.705,3.726,1.583,2.410722
327,12.457,4.704,2.831,11.058,3.854,2.236,2.66359575
328,12.457,4.704,2.831,11.31,4.003,2.339,2.829620625
329,11.0,2.5,1.975,11.26,2.639,2.099,2.7013763636363635
330,11.077,5.672,3.704,10.024,4.843,3.047,3.734325538461538
331,15.879,6.246,2.699,14.141,5.187,2.141,3.492827
332,22.68,10.347,5.389,20.152,8.613,4.305,6.198899142857143
333,15.059,8.163,6.479,12.828,6.366,4.874,4.803708705882352
334,12.457,6.074,3.769,10.429,4.62,2.707,3.01137375
335,21.302,9.274,4.466,19.346,7.933,3.673,6.138872719999999
336,15.879,7.513,4.26,13.51,5.885,3.168,3.7860166666666664
337,15.39,7.695,4.795,13.022,5.957,3.518,4.082739684210526
338,21.302,9.274,6.282,19.001,7.703,5.069,5.854588120000001
339,14.062,6.074,3.769,14.003,6.031,3.737,5.278255812499999
340,20.28,9.667,5.538,17.948,8.065,4.459,5.361134074074074
341,16.844,7.266,4.11,14.265,5.602,3.011,3.6323877272727274
342,7.111,2.722,1.704,5.741,1.848,1.042,1.1788186666666667
343,23.168,7.516,3.073,21.625,6.697,2.672,4.827420833333333
344,16.372,6.84,4.496,13.921,5.242,3.298,3.6486941
345,16.844,6.857,3.165,14.246,5.25,2.276,3.3996136363636364
346,13.959,5.08,2.276,11.894,3.913,1.651,2.449538
347,23.728,7.029,2.718,22.319,6.344,2.403,4.42474175
348,20.28,6.01,2.283,19.007,5.383,1.997,3.78943262962963
349,7.111,2.722,1.704,5.741,1.848,1.042,1.1788186666666667
350,14.41,6.438,3.526,12.301,5.001,2.586,3.4176278333333334
351,26.601,12.24,6.19,23.49,10.162,4.937,6.820153714285714
352,17.053,6.635,4.795,14.939,5.25,3.668,4.127881578947369
353,20.727,9.467,4.716,17.676,7.397,3.476,5.028822
354,50.0,27.562,24.123,46.66,24.75,21.488,23.096699999999995
355,17.355,7.051,4.488,15.361,5.762,3.542,4.21476580952381
356,11.077,5.672,3.704,9.706,4.598,2.857,3.432937538461538
357,14.583,5.274,2.142,13.164,4.486,1.755,2.8120811428571426
358,14.41,6.438,3.322,12.486,5.124,2.5,3.5543479999999996
359,16.056,6.963,5.267,14.551,5.894,4.359,4.764644111111111
360,9.091,3.6,2.215,7.398,2.494,1.403,1.6773283636363636
361,16.844,6.857,4.11,15.302,5.888,3.437,4.0953716363636365
362,28.569,12.992,7.998,25.738,11.03,6.597,8.34971
363,25.62,12.459,8.373,22.67,10.34,6.745,7.561541935483871
364,27.585,13.347,8.561,24.854,11.38,7.1,8.570864242424243
365,18.781,6.957,2.732,16.641,5.702,2.129,3.9536242499999994
366,11.484,4.473,2.24,10.226,3.692,1.765,2.516959466666667
367,12.071,6.478,3.96,10.818,5.466,3.199,4.223656285714286
368,14.917,6.012,2.845,13.482,5.122,2.336,3.4527401999999996
369,20.727,9.467,5.75,19.024,8.295,4.918,6.069387692307692
370,12.055,2.939,0.901,13.491,3.581,1.15,2.8418394705882353
371,16.844,6.857,3.44,14.064,5.142,2.424,3.2871403636363636
372,17.355,6.63,3.347,17.139,6.492,3.262,5.298399428571428
373,16.372,7.852,4.25,14.449,6.465,3.339,4.67063925
374,22.042,11.584,8.792,21.922,11.487,8.708,10.49241725
375,13.432,4.938,2.172,11.824,3.98,1.656,2.7682070588235295
376,10.083,4.297,2.778,8.784,3.391,2.085,2.482212
377,14.0,9.551,13.091,12.94,8.534,12.041,7.887854285714286
378,19.753,9.274,4.296,17.86,7.953,3.539,5.681623200000001
379,13.432,4.281,2.56,12.583,3.818,2.239,2.825993764705882
380,19.322,6.25,2.486,18.329,5.728,2.236,4.038019692307692
381,22.203,7.549,3.277,20.731,6.741,2.858,4.818885206896551
382,16.372,5.025,3.277,15.027,4.311,2.752,3.23906985
383,5.0,2.25,4.0,4.23,1.54,3.23,1.3028400000000002
384,13.432,5.325,2.56,11.834,4.319,1.971,3.0065321176470583
385,13.067,5.915,4.165,11.763,4.964,3.388,3.8927688000000003
386,15.059,7.438,4.639,13.714,6.401,3.858,5.163724352941177
387,13.432,5.325,2.713,12.739,4.882,2.437,3.6583410588235292
388,12.071,5.778,3.273,12.758,6.311,3.657,5.751124142857143
389,10.516,4.68,2.534,8.496,3.334,1.663,2.0232617142857143
390,18.781,7.319,4.066,16.757,6.084,3.266,4.2478995
391,7.639,3.164,1.322,6.431,2.398,0.917,1.4019580000000003
392,19.753,8.347,4.135,17.047,6.607,3.105,4.50518116
393,15.879,6.63,3.2,13.367,5.052,2.289,3.215718285714286
394,9.551,3.63,1.646,9.445,3.564,1.608,2.589383076923077
395,32.029,15.297,8.818,31.61,14.975,8.591,13.922345588235293
396,15.059,6.25,3.484,15.737,6.733,3.819,6.232777705882352
397,30.031,14.411,8.323,29.652,14.119,8.117,13.083018375
398,30.225,13.517,7.998,30.921,14.019,8.354,12.749455852941177
399,39.18,17.237,8.878,38.781,16.952,8.699,15.288732837209302
400,15.879,7.051,3.673,13.434,5.444,2.676,3.482604571428571
401,12.457,4.704,2.204,10.661,3.622,1.592,2.4133838749999996
402,13.432,6.805,4.302,11.349,5.268,3.154,3.5168548235294117
403,19.753,9.274,5.258,18.558,8.434,4.689,6.26072688
404,8.1,4.0,2.286,6.697,2.932,1.527,1.9635604
405,21.703,9.212,4.452,18.626,7.222,3.298,4.9821100740740745
406,12.457,6.074,3.25,10.854,4.917,2.493,3.3355698749999996
407,12.071,6.478,4.388,10.729,5.395,3.513,4.134496785714285
408,37.321,16.99,8.708,33.152,14.242,7.045,9.635730285714287
409,39.781,18.478,11.243,35.729,15.647,9.245,11.894716234042553
410,13.648,5.325,2.391,11.732,4.214,1.796,2.4719324
411,12.457,5.104,2.204,11.62,4.559,1.909,3.31097375
412,15.39,7.136,3.986,13.022,5.482,2.881,3.757189684210527
413,13.959,5.413,2.178,11.649,4.049,1.51,2.4824632105263156
414,11.111,5.104,2.488,8.9,3.651,1.638,2.03086875
415,18.367,7.935,3.575,15.966,6.408,2.743,4.0924051200000005
416,10.516,4.245,2.173,8.496,2.991,1.407,1.8151097142857144
417,12.457,5.104,2.651,10.912,4.112,2.032,2.804384
418,53.813,21.198,10.13,51.923,20.05,9.478,15.087770289855074
419,19.753,8.347,5.258,17.405,6.831,4.163,4.755742200000001
420,14.0,11.077,13.091,13.47,10.55,12.566,10.150607142857144
421,15.39,6.185,3.986,13.129,4.753,2.928,3.2843229999999997
422,28.994,14.404,8.758,25.987,12.239,7.221,8.834858138888888
423,21.825,9.868,4.446,18.252,7.56,3.199,4.599504
424,19.753,9.796,5.49,17.84,8.413,4.559,6.0035168
425,24.639,10.745,5.88,21.498,8.656,4.533,6.202889600000001
426,20.28,9.212,4.452,18.053,7.73,3.587,5.168507037037038
427,19.326,10.096,5.786,16.922,8.261,4.512,6.077940956521739
428,14.583,5.894,2.222,13.09,4.994,1.802,3.1129266666666666
429,9.551,4.022,2.083,7.981,3.012,1.448,1.8491363076923075
430,14.41,6.438,3.526,12.174,4.918,2.533,3.3262073333333335
431,18.05,10.688,7.556,16.305,9.201,6.316,7.501115250000001
432,13.0,6.453,4.152,12.76,6.25,3.988,6.134615384615385
433,9.551,3.63,1.646,7.924,2.66,1.109,1.621372307692308
434,12.457,4.704,1.966,10.67,3.628,1.414,2.4194225
435,15.27,6.379,2.806,13.941,5.57,2.376,3.376146521739131
436,12.071,4.245,3.273,11.017,3.594,2.713,2.828221285714285
437,5.625,1.778,0.778,5.485,1.707,0.74,0.9362895000000002
438,15.059,8.163,5.928,13.116,6.593,4.604,5.086693411764706
439,27.585,12.808,8.0,23.12,9.72,5.782,6.809890909090909
440,11.111,4.349,1.861,9.029,3.131,1.234,1.7668624375
441,17.355,7.513,4.488,16.283,6.78,3.969,5.257082857142858
442,16.372,5.325,2.845,15.802,5.005,2.643,3.9544505
443,15.879,7.051,3.673,13.319,5.372,2.633,3.4071270476190474
444,18.367,7.553,3.337,16.363,6.316,2.676,4.133948319999999
445,20.28,6.5,2.593,19.035,5.85,2.281,4.12425
446,13.432,4.281,2.56,12.535,3.792,2.221,2.796042352941176
447,18.781,6.957,3.618,16.757,5.768,2.892,4.027265666666667
448,10.083,4.297,2.25,8.665,3.311,1.612,2.3908179166666663
449,13.432,5.76,3.062,11.455,4.454,2.228,3.00121
450,19.753,9.274,5.49,18.558,8.434,4.901,6.26072688
451,12.457,5.558,2.831,10.12,3.989,1.869,2.5230425
452,11.484,4.888,2.571,9.821,3.799,1.879,2.487331933333333
453,13.648,5.653,2.493,11.916,4.599,1.933,2.7400842
454,14.41,6.438,3.526,14.019,6.164,3.343,4.800728666666667
455,26.602,13.185,6.372,23.482,10.914,5.021,8.008829624999999
456,14.41,7.556,4.898,13.334,6.731,4.265,4.986175222222222
457,17.811,6.064,2.806,16.419,5.29,2.379,3.77637
458,10.516,4.68,2.173,8.936,3.617,1.562,2.3086794285714283
459,12.0,5.612,5.325,10.54,4.425,4.129,3.886624999999999
460,12.071,5.778,3.273,10.769,4.796,2.587,3.6891517142857144
461,18.05,9.85,7.026,16.175,8.323,5.759,6.731226250000001
462,16.0,9.074,7.058,14.76,7.976,6.07,7.35786
463,12.055,4.938,2.172,9.837,3.589,1.455,2.076764294117647
464,12.457,6.074,3.495,10.235,4.486,2.405,2.869638125
465,20.28,9.212,4.302,17.805,7.57,3.372,4.991994444444445
466,17.416,7.319,3.241,15.702,6.245,2.664,4.08579125
467,13.432,6.25,3.729,11.649,5.0,2.843,3.426176470588235
468,19.322,7.438,3.338,17.026,6.088,2.614,3.9867033846153843
469,18.34,7.713,5.551,17.218,6.959,4.94,5.446366454545454
470,13.432,5.325,2.56,11.319,4.009,1.796,2.669286529411765
471,26.074,13.347,7.492,23.39,11.387,6.178,8.070967575757576
472,13.648,5.325,2.391,11.401,4.03,1.701,2.2973015
473,18.34,10.714,7.422,15.655,8.533,5.664,6.072005227272727
474,17.355,7.513,4.488,15.086,5.987,3.419,4.300946761904762
475,21.302,9.274,4.466,18.183,7.163,3.232,5.20979316
476,17.811,7.92,3.819,14.773,5.921,2.661,3.803084043478261
477,16.372,6.84,4.496,13.852,5.199,3.267,3.6008274
478,18.34,6.136,3.592,15.733,4.681,2.619,3.3475533181818182
479,17.355,7.513,5.606,14.792,5.796,4.18,4.082592
480,26.254,12.296,6.998,23.083,10.017,5.455,7.707413699999999
481,7.111,3.24,2.0,6.549,2.824,1.677,2.0549306666666665
482,24.271,10.858,5.796,21.144,8.686,4.408,6.559170857142857
483,15.879,7.051,3.673,12.986,5.163,2.508,3.192700857142858
484,22.291,9.972,5.093,19.169,7.814,3.765,5.761021769230769
485,13.067,5.365,3.5,10.57,3.698,2.241,2.6058573333333332
486,18.34,8.203,5.263,16.018,6.602,4.076,4.8068561818181825
487,15.523,5.25,2.111,14.518,4.712,1.85,3.1094916363636362
488,14.917,6.406,3.277,12.815,5.056,2.454,3.2396319999999994
489,21.825,8.741,3.479,18.871,6.983,2.634,4.392539766666666
490,18.34,9.333,5.864,15.498,7.214,4.302,5.081935090909091
491,19.753,6.866,3.984,16.931,5.296,2.945,3.5866630400000004
492,13.005,5.97,3.135,11.252,4.796,2.396,2.998032888888889
493,13.005,5.97,3.135,10.519,4.325,2.11,2.5274819444444443
494,19.322,7.438,3.338,16.837,5.98,2.558,3.87251
495,15.523,6.481,3.165,13.788,5.409,2.541,3.389967818181818
496,18.781,8.131,4.066,16.448,6.604,3.15,4.525941333333333
497,31.002,10.533,4.293,29.863,9.914,3.989,7.221019073170732
498,16.372,7.32,4.25,14.743,6.194,3.473,4.5659070999999996
499,22.042,12.369,6.682,20.654,11.214,5.889,9.6505815
500,30.225,14.074,9.77,27.544,12.134,8.24,9.829967529411766
501,11.484,5.915,3.5,10.506,5.178,2.968,3.6266711999999997
502,13.432,6.25,3.263,11.203,4.699,2.281,3.096641
503,20.045,11.523,7.422,18.299,10.056,6.279,8.364306545454545
504,18.781,8.59,4.066,16.052,6.743,3.005,4.509943166666667
505,7.639,2.803,1.322,5.899,1.815,0.759,0.9733350000000001
506,9.091,3.6,2.215,7.398,2.494,1.403,1.6773283636363636
507,6.125,2.52,1.8,4.967,1.738,1.141,1.07908075
508,21.0,18.05,17.95,20.43,17.481,17.379,17.006515714285715
509,14.0,6.478,4.889,13.35,5.951,4.429,5.674703571428571
510,6.125,2.52,1.8,5.447,2.053,1.402,1.397836375
511,9.551,3.293,1.427,7.781,2.317,0.915,1.3868136153846156
512,10.083,3.395,1.701,8.803,2.638,1.241,1.9351928333333335
513,18.781,7.319,3.759,16.631,6.01,2.965,4.164679583333333
514,16.372,6.84,3.442,14.234,5.439,2.593,3.8709363000000003
515,20.28,9.667,4.951,19.093,8.842,4.438,6.252603925925927
516,29.089,10.617,4.383,27.792,9.878,4.015,7.039214769230769
517,11.077,5.672,4.152,9.577,4.5,3.151,3.3151153846153845
518,9.242,3.868,1.76,7.444,2.771,1.159,1.4733802857142855
519,12.055,4.938,2.062,9.968,3.665,1.414,2.1489835294117645
520,13.432,5.325,2.291,11.319,4.009,1.595,2.669286529411765
521,17.416,6.957,3.021,14.33,5.131,2.077,3.0636345833333336
522,11.077,6.453,5.333,9.577,5.191,4.155,3.824169769230769
523,10.083,5.612,4.592,8.784,4.544,3.606,3.326208
524,11.077,5.672,4.688,9.051,4.103,3.238,2.8566348461538458
525,17.811,8.393,3.819,15.282,6.649,2.843,4.417826869565217
526,16.372,7.32,4.496,13.735,5.523,3.213,3.7929202499999994
527,21.703,9.667,5.758,18.548,7.558,4.3,5.192066074074074
528,12.457,5.558,3.03,10.941,4.525,2.351,3.0942515625000007
529,14.352,3.499,1.188,13.277,3.07,1.016,1.8527449999999996
530,16.056,7.556,6.144,13.973,6.01,4.759,4.665429444444445
531,8.1,3.408,2.286,7.052,2.682,1.709,1.8913463999999998
532,22.203,10.08,5.258,19.456,8.25,4.123,5.534896551724138
533,19.753,8.347,4.838,17.25,6.734,3.749,4.64646
534,21.825,8.741,3.57,18.871,6.983,2.706,4.392539766666666
535,24.135,9.331,4.8,20.597,7.232,3.543,4.805080774193549
536,15.879,5.894,3.062,13.825,4.702,2.335,3.095483333333333
537,11.111,4.704,2.08,8.844,3.303,1.334,1.8257332499999999
538,15.879,7.051,3.505,12.995,5.169,2.387,3.1986264285714276
539,17.053,9.031,8.0,15.467,7.759,6.785,6.3162343684210525
540,19.322,6.25,2.486,18.081,5.6,2.175,3.8943692307692306
541,22.203,7.549,3.277,20.481,6.607,2.79,4.6661367931034485
542,19.322,6.25,2.486,17.805,5.458,2.109,3.737680384615385
543,12.457,5.104,2.08,10.67,3.963,1.501,2.642825625
544,17.053,7.695,4.5,15.657,6.676,3.779,5.501375368421053
545,31.219,10.285,7.993,29.967,9.559,7.381,8.1844158
546,18.367,8.347,4.296,17.226,7.583,3.822,5.22499032
547,22.042,12.369,8.297,19.676,10.413,6.742,8.5369245
548,14.062,6.667,5.264,12.479,5.482,4.218,4.2756173749999995
549,14.062,6.667,5.264,13.027,5.885,4.573,4.7914934375
550,12.071,5.778,3.273,11.057,5.009,2.734,3.956036642857143
551,11.077,5.024,3.324,10.351,4.49,2.901,3.575076153846154
552,13.067,5.915,5.04,11.972,5.114,4.291,4.081653866666667
553,11.077,4.481,2.479,10.103,3.819,2.029,2.9679505384615386
554,13.067,6.554,4.571,11.365,5.24,3.497,3.9701733333333338
555,33.366,14.187,7.062,28.545,11.123,5.265,7.5596675
556,13.432,4.938,2.291,11.591,3.846,1.679,2.622293294117647
557,13.432,5.76,3.062,11.669,4.591,2.313,3.1513164117647063
558,10.083,3.806,1.562,8.972,3.089,1.187,2.3095423333333334
559,20.28,10.156,5.136,18.501,8.886,4.353,6.088884666666667
560,21.24,9.428,4.542,18.758,7.801,3.6,5.226112785714285
561,27.81,10.32,3.926,24.795,8.639,3.158,5.4924103846153844
562,19.753,10.364,6.0,17.434,8.632,4.8,6.01961152
563,11.484,4.108,2.982,10.033,3.265,2.296,2.1838496666666667
564,21.825,9.469,4.578,19.425,7.946,3.7,5.145034999999999
565,25.641,11.588,5.957,22.623,9.602,4.747,6.389001352941177
566,16.372,8.444,5.058,14.498,7.028,4.042,5.0945972
567,16.844,6.857,3.753,14.534,5.421,2.833,3.5813097272727275
568,14.917,6.84,3.621,13.281,5.733,2.918,3.8069986499999997
569,12.071,5.186,3.273,9.964,3.727,2.193,2.652559142857143
570,16.844,7.713,4.308,13.892,5.737,3.013,3.622654727272727
571,12.071,4.245,2.994,10.777,3.451,2.358,2.6565304999999997
572,8.1,3.408,1.991,6.608,2.39,1.271,1.579312
573,16.844,6.481,2.811,14.658,5.175,2.127,3.4479613636363635
574,12.457,5.104,2.651,10.845,4.07,2.006,2.7586968750000005
575,14.062,7.35,4.817,13.226,6.68,4.289,5.521855
576,16.909,6.805,2.865,14.701,5.527,2.224,3.1250933461538466
577,15.39,6.185,3.191,14.87,5.847,2.978,4.576046842105264
578,26.074,10.948,5.404,23.4,9.239,4.398,6.551290909090909
579,26.601,11.007,5.178,22.633,8.568,3.82,5.540558399999999
580,13.432,5.76,3.729,11.339,4.38,2.698,2.9214599999999997
581,32.213,16.184,11.741,28.974,13.729,9.731,11.049556833333334
582,22.203,10.08,5.087,19.581,8.331,4.03,5.625148655172413
583,20.878,7.0,2.958,19.839,6.448,2.679,4.411099034482758
584,10.173,4.108,1.744,8.605,3.164,1.253,1.8150813333333333
585,12.457,5.104,2.651,11.096,4.227,2.102,2.9314245000000003
586,20.878,6.748,2.62,19.707,6.144,2.338,4.1751657931034485
587,19.326,8.909,6.428,16.903,7.201,5.039,5.292108826086956
588,15.39,6.635,4.231,13.1,5.111,3.108,3.5239
589,12.071,4.68,3.592,10.52,3.667,2.723,2.7554885714285713
590,17.355,7.513,4.733,14.851,5.834,3.51,4.125749238095238
591,12.071,4.68,3.592,10.322,3.543,2.617,2.6122032857142856
592,14.41,5.97,3.996,12.311,4.613,2.961,3.1550357222222223
593,15.39,6.635,4.231,13.09,5.105,3.104,3.5170763157894736
594,13.432,5.325,3.484,11.805,4.302,2.714,2.9873594117647055
595,13.432,5.325,3.484,11.465,4.096,2.563,2.762390588235294
596,9.091,3.164,2.5,8.031,2.519,1.924,1.8390990000000003
597,16.844,7.266,4.11,14.151,5.531,2.966,3.557690045454545
598,13.432,5.76,3.729,11.407,4.423,2.729,2.967833
599,15.879,6.63,3.855,13.319,5.024,2.772,3.186412190476191
600,12.457,5.104,3.25,10.903,4.106,2.515,2.797982375
601,22.203,10.543,5.087,19.083,8.407,3.841,5.532095896551724
602,14.41,5.551,3.322,12.437,4.338,2.48,2.9973170000000002
603,14.917,6.406,3.122,12.805,5.05,2.329,3.2332625
604,19.326,8.393,4.989,17.71,7.287,4.213,5.61099
605,16.372,6.84,4.496,15.027,5.948,3.822,4.4690297999999995
606,14.41,6.438,3.526,12.515,5.143,2.676,3.5758136111111107
607,26.602,12.63,6.372,22.993,10.085,4.821,7.2463876562500005
608,18.781,8.59,5.25,17.114,7.448,4.436,5.311044666666667
609,13.067,4.888,3.226,11.902,4.138,2.65,3.2833650666666667
610,10.516,4.245,2.173,9.138,3.375,1.635,2.2029107142857143
611,19.322,8.163,3.938,17.207,6.829,3.168,4.51948473076923
612,23.281,10.684,7.078,22.815,10.348,6.819,8.744060000000001
613,33.161,13.613,5.879,29.751,11.56,4.821,7.476555652173914
614,21.24,9.428,4.542,18.549,7.667,3.524,5.079113678571429
615,27.562,12.453,6.782,25.296,10.945,5.813,7.690686666666666
616,28.019,12.698,7.105,25.627,11.074,6.033,8.1083828
617,14.583,4.747,1.926,13.994,4.44,1.776,2.958731428571429
618,21.0,8.585,9.586,21.26,8.778,9.796,8.886680000000002
619,13.959,5.413,2.38,11.583,4.012,1.64,2.4458418947368417
620,9.242,3.868,1.76,7.699,2.92,1.238,1.6057914285714285
621,6.509,1.837,0.878,6.984,2.063,1.011,1.3098174545454546
622,12.0,5.612,5.325,12.48,6.014,5.73,6.254560000000001
623,14.41,6.438,3.526,12.515,5.143,2.676,3.5758136111111107
624,12.055,5.325,2.713,11.271,4.808,2.391,3.187704
625,14.062,5.558,3.769,12.629,4.602,3.023,3.632416125
626,17.355,8.022,5.606,15.783,6.907,4.714,5.191103857142857
627,16.056,7.556,5.68,14.501,6.393,4.692,5.150271833333333
628,16.844,7.713,4.308,14.543,6.159,3.283,4.071378954545454
629,18.34,8.741,4.11,16.264,7.244,3.233,5.355291636363636
630,11.484,4.888,2.24,9.888,3.842,1.646,2.5326464
631,15.0,8.187,10.286,13.41,6.804,8.732,6.082776
632,13.959,5.78,2.88,11.149,4.055,1.864,2.3794313157894735
633,16.372,5.325,3.277,16.087,5.164,3.162,4.1536634
634,13.432,5.76,3.484,12.369,5.046,2.973,3.671410235294118
635,21.24,9.013,5.024,19.609,7.968,4.341,5.580161142857143
636,8.1,3.408,2.286,6.736,2.473,1.546,1.6658127999999999
637,17.355,8.022,4.26,14.704,6.167,3.073,4.318074666666667
638,12.055,4.281,1.96,10.145,3.231,1.388,1.9281467647058823
639,17.355,9.209,5.0,15.194,7.547,3.89,5.460434190476191
640,14.583,5.894,2.699,12.895,4.879,2.141,2.9959383333333327
641,8.1,4.0,2.651,7.091,3.225,2.03,2.2868475
642,19.048,7.051,5.0,16.793,5.621,3.861,4.494926333333334
643,22.68,10.858,5.796,20.006,8.966,4.583,6.406207
644,23.659,11.039,5.627,20.981,9.172,4.475,6.635783862068967
645,13.959,6.635,3.366,13.138,6.062,3.008,4.19171347368421
646,18.056,6.25,2.294,16.333,5.333,1.887,3.350149576923077
647,11.484,5.365,2.982,10.554,4.707,2.535,3.3118452
648,16.467,7.486,3.52,13.788,5.741,2.534,3.441604695652174
649,14.917,6.84,3.277,12.34,5.12,2.282,3.15904
650,15.39,7.136,4.231,13.003,5.469,3.064,3.742810894736843
651,10.516,3.868,2.534,9.167,3.071,1.937,2.0108469285714285
652,21.24,6.498,2.395,19.925,5.833,2.1,4.150804464285715
653,22.203,7.549,3.277,20.731,6.741,2.858,4.818885206896551
654,22.203,7.549,3.277,20.453,6.592,2.782,4.64917848275862
655,17.416,5.75,2.198,15.156,4.578,1.662,2.891007
656,18.367,6.27,2.588,17.416,5.75,2.329,4.00568
657,19.322,6.25,2.486,18.329,5.728,2.236,4.038019692307692
658,19.322,6.25,2.486,18.081,5.6,2.175,3.8943692307692306
659,14.583,5.0,2.066,13.592,4.467,1.801,2.8912125714285715
660,13.648,4.75,1.961,12.7,4.237,1.705,2.690495
661,9.091,3.6,1.975,8.367,3.113,1.643,2.3678610000000004
662,33.884,14.632,6.437,30.083,12.203,5.148,8.343246568181817
663,15.879,7.513,4.26,13.491,5.872,3.16,3.772340571428571
664,8.1,2.939,1.383,7.902,2.811,1.306,2.2212522
665,12.0,5.612,3.516,11.76,5.413,3.36,5.30474
666,13.432,5.325,2.713,11.96,4.397,2.141,3.093418823529412
667,12.055,5.325,2.56,10.052,4.032,1.809,2.384097882352941
668,5.76,2.32,0.997,4.558,1.585,0.598,0.8027144444444444
669,6.125,2.52,1.488,4.967,1.738,0.92,1.07908075
670,20.314,8.59,5.25,20.699,8.855,5.442,7.637068541666668
671,20.878,7.0,2.958,19.839,6.448,2.679,4.411099034482758
672,22.203,7.549,3.277,20.481,6.607,2.79,4.6661367931034485
673,19.322,6.805,2.704,18.053,6.096,2.362,4.232734153846154
674,19.322,6.25,2.486,17.805,5.458,2.109,3.737680384615385
675,13.648,4.75,1.961,12.432,4.095,1.636,2.545452
676,23.168,7.797,3.392,21.442,6.857,2.905,4.900926466666666
677,14.583,4.747,1.926,14.237,4.566,1.837,3.0955305714285712
678,14.583,4.747,1.926,14.237,4.566,1.837,3.0955305714285712
679,14.583,4.747,1.926,13.994,4.44,1.776,2.958731428571429
680,14.917,5.653,2.493,14.064,5.142,2.218,3.6158544
681,13.432,5.325,2.56,11.922,4.373,2.002,3.0667591764705886
682,17.811,6.719,3.383,15.86,5.56,2.692,3.833982608695652
683,13.432,5.325,2.713,12.739,4.882,2.437,3.6583410588235292
684,6.125,2.52,1.488,4.898,1.694,0.89,1.0371515
685,19.326,8.393,5.235,18.991,8.16,5.064,6.73767652173913
686,7.0,4.167,2.667,6.4,3.585,2.141,3.277714285714286
687,14.41,6.963,4.566,12.301,5.449,3.414,3.7237860555555553
688,20.28,7.356,3.336,18.892,6.562,2.905,4.591455703703704
689,18.05,8.444,5.379,16.644,7.393,4.585,6.1524545999999996
690,14.917,5.325,2.294,13.243,4.38,1.804,2.900217
691,15.523,5.25,2.111,14.153,4.522,1.759,2.9090848181818183
692,16.467,5.5,2.289,15.599,5.037,2.057,3.4161810000000004
693,18.367,6.558,2.836,17.302,5.957,2.523,4.122720559999999
694,13.648,5.325,2.118,11.484,4.076,1.518,2.3404391999999996
695,13.432,5.325,2.42,11.513,4.125,1.753,2.793595588235294
696,15.523,4.762,1.977,14.931,4.466,1.83,3.0309929999999996
697,14.583,4.747,1.926,13.994,4.44,1.776,2.958731428571429
698,17.811,7.486,3.665,16.313,6.519,3.092,4.623671608695652
699,13.959,5.413,2.276,12.235,4.384,1.748,2.8230652631578947
700,20.727,9.0,4.716,18.461,7.502,3.781,5.326708538461538
701,13.432,5.325,2.56,11.99,4.414,2.026,3.1131682352941175
702,13.432,5.325,2.713,12.496,4.728,2.343,3.4753581176470587
703,10.083,3.806,1.86,9.845,3.649,1.762,2.9937004166666665
704,26.602,12.63,8.033,22.142,9.507,5.757,6.578249812499999
705,6.694,2.56,1.241,5.289,1.734,0.756,0.9171126
706,12.071,5.186,3.592,10.332,3.972,2.623,2.9313360000000004
707,11.484,5.915,3.811,9.397,4.371,2.64,2.7382858000000003
708,7.111,3.92,2.38,6.302,3.254,1.859,2.2785231111111113
709,9.551,4.481,2.083,8.324,3.623,1.579,2.3198347692307695
710,10.516,4.245,2.173,8.879,3.218,1.541,2.0409015714285714
711,7.639,2.803,1.451,6.488,2.134,1.032,1.258672
712,10.083,4.297,2.778,8.189,2.997,1.792,2.04520275
713,7.0,2.344,6.0,6.91,2.277,5.91,2.247724285714286
714,5.0,2.25,4.0,4.4,1.694,3.4,1.49072
715,14.583,4.747,1.926,13.723,4.301,1.708,2.8106010952380953
716,11.484,5.365,2.765,9.522,4.003,1.908,2.5411044
717,17.416,6.021,2.481,16.505,5.52,2.232,3.7961499999999995
718,23.659,10.543,4.924,20.513,8.426,3.722,5.96008751724138
719,13.432,5.325,2.56,11.99,4.414,2.026,3.1131682352941175
720,20.878,6.748,2.62,19.707,6.144,2.338,4.1751657931034485
721,16.372,6.84,4.25,15.164,6.038,3.668,4.5780116
722,9.242,3.539,1.648,7.381,2.48,1.062,1.3074914285714285
723,23.728,7.029,2.718,22.319,6.344,2.403,4.42474175
724,15.523,5.25,2.111,14.518,4.712,1.85,3.1094916363636362
725,15.523,5.25,2.111,14.518,4.712,1.85,3.1094916363636362
726,17.416,5.497,2.198,16.505,5.03,1.974,3.4591729166666667
727,13.959,5.413,2.276,12.302,4.423,1.767,2.863776105263158
728,18.781,6.957,3.36,16.786,5.784,2.687,4.045426
729,12.0,5.612,3.516,11.76,5.413,3.36,5.30474
730,13.432,5.325,2.56,11.99,4.414,2.026,3.1131682352941175
731,16.372,6.012,3.442,14.753,5.035,2.79,3.7140677500000003
732,9.091,3.164,2.5,8.229,2.636,2.028,1.9719676363636365
733,9.091,4.133,2.5,7.793,3.191,1.802,2.2606784545454546
734,6.0,5.0,5.333,5.96,4.96,5.298,4.926933333333333
735,21.24,7.017,2.926,19.849,6.272,2.554,4.446176
736,16.467,5.772,2.289,15.09,5.016,1.926,3.2909321739130433
737,13.959,5.78,2.612,11.658,4.354,1.834,2.6715227368421055
738,13.005,4.836,1.983,10.529,3.434,1.294,2.0086992222222224
739,16.372,7.852,4.25,15.41,7.15,3.784,5.509075
740,10.516,3.868,1.883,9.561,3.298,1.547,2.2522984285714287
741,13.005,5.175,2.284,11.328,4.159,1.741,2.617397333333333
742,14.41,5.175,2.963,13.129,4.416,2.455,3.2209813333333335
743,8.1,3.408,2.286,7.091,2.709,1.729,1.9209519
744,14.917,7.852,4.765,12.302,5.934,3.398,3.6500034
745,7.0,1.852,2.667,7.34,2.072,2.971,2.17264
746,22.776,6.78,2.606,21.436,6.129,2.308,4.23810464516129
747,17.416,5.039,1.961,16.714,4.702,1.803,3.2745511666666665
748,17.122,4.695,1.646,15.584,4.015,1.363,2.5027904
749,5.625,1.778,0.615,5.173,1.553,0.517,0.8033669
750,11.077,3.63,2.083,10.391,3.224,1.804,2.5769680000000004
751,11.0,5.625,4.444,11.11,5.721,4.534,5.7782100000000005
752,29.0,18.744,14.605,29.11,18.845,14.697,18.916481034482757
753,11.0,4.793,6.4,10.44,4.345,5.864,4.123799999999999
754,17.355,6.246,3.347,17.316,6.222,3.332,5.130483428571428
755,13.432,5.325,3.062,11.523,4.131,2.255,2.8000890000000003
756,13.432,5.325,3.062,12.428,4.686,2.626,3.425741647058824
757,13.432,5.325,3.062,11.475,4.102,2.236,2.76885
758,12.071,4.68,2.75,10.65,3.749,2.099,2.8519178571428574
759,13.432,5.76,3.729,12.583,5.188,3.296,3.8400355294117645
760,14.41,5.97,3.996,12.593,4.79,3.094,3.3511372222222224
761,10.083,3.806,2.493,9.111,3.177,2.009,2.4121372500000002
762,22.203,7.848,3.457,20.741,7.022,3.021,5.0221828275862075
763,13.959,5.08,2.086,11.281,3.585,1.351,2.1285465789473683
764,11.796,4.529,1.738,9.603,3.297,1.169,1.7589495
765,14.917,5.653,2.391,12.103,4.026,1.568,2.4363339
766,13.005,4.836,1.983,10.716,3.535,1.342,2.104503333333333
767,13.005,5.175,2.077,10.716,3.806,1.409,2.2658386666666663
768,12.055,4.592,1.96,9.958,3.381,1.337,1.9804704705882352
769,12.071,4.245,2.02,12.141,4.289,2.047,3.7194820714285712
770,9.242,3.25,1.222,7.444,2.291,0.786,1.2181574285714285
771,14.583,5.894,2.491,11.971,4.348,1.708,2.478567047619048
772,6.694,2.56,1.12,5.538,1.873,0.748,1.0372674
773,8.1,3.408,1.75,7.576,3.039,1.509,2.3023464000000002
774,20.28,6.5,2.593,19.035,5.85,2.281,4.12425
775,13.959,5.78,2.276,11.649,4.348,1.582,2.665781684210526
776,11.111,4.349,1.765,9.039,3.136,1.168,1.771644
777,37.747,16.774,7.728,33.412,13.932,6.153,9.697833000000001
778,13.005,5.175,2.177,10.904,3.913,1.534,2.3704084444444447
779,18.781,9.63,5.497,15.494,7.242,3.883,4.6753145
780,14.062,7.35,4.077,12.231,5.901,3.076,4.5109456875
781,18.05,9.107,6.549,16.215,7.677,5.367,6.224127749999999
782,9.242,3.868,1.648,7.508,2.808,1.099,1.5058902857142855
783,15.39,7.136,4.231,12.827,5.351,2.983,3.6124882631578945
784,13.959,6.635,3.366,11.413,4.9,2.308,2.9433526315789478
785,10.083,4.889,2.493,8.585,3.759,1.765,2.6892512500000003
786,16.372,8.444,4.25,14.126,6.754,3.195,4.770350199999999
787,10.516,4.245,2.02,8.936,3.253,1.446,2.0763434285714286
788,8.32,3.293,1.333,6.723,2.362,0.872,1.2215173846153846
789,10.516,4.68,2.534,8.754,3.499,1.767,2.1878747142857145
790,12.457,4.349,2.651,10.719,3.36,1.959,2.25099
791,12.457,6.074,3.495,10.235,4.486,2.405,2.869638125
792,10.083,4.889,2.778,8.585,3.759,1.985,2.6892512500000003
793,12.457,5.104,2.831,10.825,4.058,2.142,2.7454906249999995
794,14.41,6.438,3.75,12.165,4.912,2.702,3.319693333333333
795,9.551,4.022,2.083,8.324,3.226,1.579,2.0656326153846156
796,7.111,2.722,1.469,6.43,2.275,1.163,1.625361111111111
797,7.111,2.722,1.469,7.2,2.782,1.511,2.2256
798,9.091,3.164,2.215,8.12,2.572,1.732,1.898603636363636
799,8.1,3.408,1.991,6.608,2.39,1.271,1.579312
800,8.1,3.408,1.991,6.736,2.473,1.328,1.6658127999999999
801,8.1,3.408,1.991,7.022,2.663,1.458,1.8699586
802,9.091,3.6,2.215,7.526,2.574,1.46,1.761084
803,10.083,3.806,2.25,9.577,3.474,2.013,2.7725415000000004
804,9.091,4.133,2.215,8.12,3.422,1.732,2.5260581818181818
805,9.091,3.6,2.215,8.12,2.952,1.732,2.179112727272727
806,12.055,5.76,2.88,9.912,4.3,1.997,2.5071529411764706
807,10.083,3.806,1.86,9.398,3.359,1.586,2.630656833333333
808,16.372,7.32,4.25,14.126,5.781,3.195,4.083120299999999
809,10.516,5.186,2.75,8.63,3.833,1.876,2.362770714285715
810,6.694,2.939,1.383,6.694,2.939,1.383,1.9673666
811,6.694,2.939,1.383,5.418,2.103,0.895,1.1394054
812,9.091,4.133,2.215,7.526,3.005,1.46,2.0559663636363634
813,13.432,5.76,2.88,11.708,4.616,2.182,3.179066352941176
814,7.639,2.803,1.21,6.095,1.919,0.741,1.0633004545454545
815,7.639,3.164,1.6,6.226,2.274,1.049,1.287084
816,7.639,3.164,1.6,6.347,2.347,1.093,1.354219
817,9.091,4.793,2.5,8.12,4.016,1.97,2.9645381818181815
818,10.516,4.68,2.75,8.429,3.292,1.79,1.9820191428571428
819,16.372,8.444,5.058,13.803,6.519,3.685,4.49908785
820,12.055,4.938,2.56,10.295,3.857,1.894,2.335753823529412
821,8.592,3.806,2.041,7.156,2.851,1.421,1.7001463333333333
822,8.592,3.395,1.86,7.099,2.483,1.265,1.468901416666667
823,12.457,6.667,3.769,10.748,5.358,2.866,3.5992364999999995
824,9.551,4.481,2.479,8.515,3.754,1.985,2.45887
825,9.551,4.481,2.479,7.867,3.315,1.697,2.0060849999999997
826,9.242,3.868,1.76,7.626,2.877,1.215,1.567143
827,9.242,3.868,1.76,7.945,3.066,1.316,1.739955
828,10.516,4.68,2.75,8.63,3.42,1.876,2.1081857142857143
829,11.484,5.365,2.982,9.657,4.093,2.129,2.6350734
830,10.083,4.889,2.778,8.912,4.0,2.15,2.970666666666667
831,11.077,5.024,2.721,9.379,3.799,1.9,2.7408323846153846
832,11.077,5.672,3.0,9.647,4.553,2.246,3.378676230769231
833,10.083,4.889,3.114,8.585,3.759,2.25,2.6892512500000003
834,13.005,5.97,3.322,10.66,4.414,2.303,2.6140688888888888
835,12.071,5.186,3.592,10.858,4.33,2.905,3.358224285714286
836,11.484,5.915,3.5,9.464,4.419,2.437,2.7880944
837,10.083,4.889,3.114,9.031,4.088,2.498,3.076560666666667
838,11.077,5.672,3.704,9.577,4.5,2.781,3.3151153846153845
839,14.41,5.97,3.75,12.778,4.906,2.976,3.482714888888889
840,12.071,6.478,4.388,10.57,5.269,3.414,3.978095
841,8.592,3.395,1.701,6.779,2.298,1.043,1.2981785
842,8.1,4.0,2.286,6.933,3.107,1.647,2.1540831000000003
843,11.077,5.024,3.704,9.865,4.141,2.951,3.142381923076923
844,15.059,8.163,5.928,14.132,7.406,5.285,6.156564235294118
845,8.1,3.408,1.991,6.608,2.39,1.271,1.579312
846,12.0,6.509,5.325,12.27,6.75,5.552,6.9018749999999995
847,5.76,2.32,0.997,4.494,1.549,0.579,0.7734673333333333
848,5.76,2.32,0.997,4.94,1.81,0.715,0.9934888888888891
849,7.639,2.803,1.451,6.882,2.357,1.169,1.4746249090909094
850,6.125,2.52,1.488,5.447,2.053,1.143,1.397836375
851,6.125,2.52,1.488,5.162,1.865,1.009,1.20339125
852,6.125,2.52,1.488,5.447,2.053,1.143,1.397836375
853,7.111,2.722,1.704,6.145,2.095,1.224,1.4304194444444445
854,7.111,2.722,1.704,6.145,2.095,1.224,1.4304194444444445
855,7.111,2.722,1.704,6.43,2.275,1.36,1.625361111111111
856,7.111,2.722,1.704,6.716,2.46,1.501,1.8357066666666668
857,7.111,2.722,1.704,6.716,2.46,1.501,1.8357066666666668
858,7.111,2.722,1.704,6.145,2.095,1.224,1.4304194444444445
859,7.111,2.722,1.704,5.948,1.973,1.134,1.303933777777778
860,7.111,2.722,1.704,5.948,1.973,1.134,1.303933777777778
861,8.1,2.939,1.75,8.476,3.185,1.932,2.699606
862,6.0,3.2,3.0,7.25,4.41,4.25,5.32875
863,6.0,3.2,3.0,6.92,4.089,3.92,4.715980000000001
864,4.167,1.633,0.98,4.128,1.606,0.958,1.1049280000000001
865,11.077,4.481,2.721,9.18,3.22,1.812,2.273815384615385
866,13.432,5.76,3.484,12.428,5.085,3.001,3.717434117647059
867,14.41,6.963,4.267,12.174,5.361,3.111,3.625823
868,10.083,4.297,2.493,8.318,3.081,1.645,2.1356465
869,13.432,6.25,3.729,11.329,4.784,2.693,3.188113882352941
870,10.0,4.76,5.531,9.21,4.094,4.789,3.7705740000000008
871,8.1,2.939,2.286,8.189,2.997,2.337,2.4542433
872,10.083,3.395,2.493,8.912,2.7,1.916,2.0052000000000003
873,9.091,3.164,2.5,8.396,2.736,2.116,2.0883141818181823
874,7.111,2.722,1.704,6.066,2.046,1.188,1.379004
875,7.111,3.24,2.0,6.342,2.674,1.563,1.8842786666666664
876,7.111,3.24,2.0,6.086,2.492,1.425,1.6851457777777779
877,8.1,3.408,2.286,6.608,2.39,1.482,1.579312
878,8.1,3.408,2.286,6.933,2.603,1.647,1.8046599
879,8.1,3.408,2.286,6.736,2.473,1.546,1.6658127999999999
880,8.1,3.408,2.286,6.539,2.345,1.448,1.5333955000000001
881,11.077,4.481,2.479,9.18,3.22,1.636,2.273815384615385
882,10.083,3.806,2.25,9.091,3.164,1.795,2.3969936666666665
883,9.091,3.6,2.215,7.526,2.574,1.46,1.761084
884,9.091,3.6,2.215,7.526,2.574,1.46,1.761084
885,9.091,4.133,2.5,7.793,3.191,1.802,2.2606784545454546
886,9.091,4.133,2.5,7.595,3.053,1.703,2.1079577272727272
887,8.1,3.408,2.286,6.736,2.473,1.546,1.6658127999999999
888,8.1,3.408,2.286,7.022,2.663,1.693,1.8699586
889,8.1,3.408,2.286,6.539,2.345,1.448,1.5333955000000001
890,9.091,4.133,2.5,7.526,3.005,1.669,2.0559663636363634
891,10.083,4.297,2.778,8.387,3.127,1.888,2.1855124166666666
892,8.0,5.143,3.673,7.92,5.065,3.601,5.01435
893,6.125,3.111,1.8,4.859,2.131,1.085,1.294316125
894,6.125,3.111,1.8,5.162,2.359,1.245,1.52214475
895,6.125,3.111,1.8,5.535,2.645,1.452,1.8300093750000002
896,13.432,5.76,3.484,12.087,4.861,2.843,3.456171
897,10.516,5.186,3.273,8.63,3.833,2.269,2.362770714285715
898,15.39,7.136,4.795,13.999,6.151,4.028,4.531992052631579
899,10.083,4.889,3.516,8.585,3.759,2.571,2.6892512500000003
900,10.516,5.186,3.273,8.63,3.833,2.269,2.362770714285715
901,13.432,6.25,4.0,11.475,4.882,2.977,3.2953499999999996
902,15.39,7.136,4.5,13.471,5.787,3.504,4.102983
903,13.432,6.805,4.0,11.329,5.254,2.906,3.5013274117647057
904,13.432,6.805,4.639,11.523,5.393,3.522,3.655502294117647
905,11.484,5.365,3.5,9.59,4.048,2.498,2.5880213333333333
906,11.484,5.365,3.5,9.869,4.236,2.639,2.7870055999999996
907,9.551,5.024,3.0,9.513,4.995,2.978,3.655187307692308
908,14.062,7.35,5.264,12.887,6.413,4.482,5.1652706875000005
909,12.457,6.667,4.424,10.235,4.979,3.116,3.1850040625
910,12.457,6.667,4.424,10.235,4.979,3.116,3.1850040625
911,9.091,4.133,3.265,7.595,3.053,2.292,2.1079577272727272
912,8.1,3.408,1.991,6.933,2.603,1.417,1.8046599
913,11.111,5.104,2.651,10.529,4.71,2.401,3.099474375
914,12.0,9.091,7.438,11.92,9.012,7.361,8.95192
915,26.0,18.367,15.753,24.94,17.359,14.79,16.651286923076928
916,7.111,3.92,2.38,6.815,3.674,2.185,2.7820344444444447
917,7.111,3.92,2.38,5.82,2.868,1.567,1.8546399999999998
918,9.091,4.133,3.265,7.793,3.191,2.415,2.2606784545454546
919,40.024,32.395,27.083,38.155,30.583,25.368,27.783199166666662
920,9.0,6.125,4.5,8.96,6.086,4.463,6.058951111111112
921,7.0,4.167,3.84,6.96,4.128,3.799,4.104411428571429
922,7.0,4.167,3.84,5.96,3.162,2.771,2.692217142857143
923,7.111,2.722,1.704,6.145,2.095,1.224,1.4304194444444445
924,6.125,2.52,1.8,5.633,2.179,1.508,1.5342883749999998
925,10.0,5.76,5.531,8.94,4.785,4.538,4.2777899999999995
926,5.625,1.778,0.926,5.555,1.742,0.903,0.967681
927,7.0,3.061,6.0,6.96,3.027,5.96,3.0097028571428575
928,7.0,3.061,6.0,6.14,2.337,5.14,2.0498828571428573
929,5.143,1.852,1.185,4.303,1.33,0.765,0.81757
930,9.0,4.84,4.5,9.54,5.335,5.008,5.6551
931,7.111,2.722,2.0,6.145,2.095,1.457,1.4304194444444445
932,5.143,2.344,1.5,4.849,2.124,1.316,1.471325142857143
933,5.143,2.344,1.5,5.104,2.314,1.475,1.6872365714285713
934,5.143,2.344,1.5,4.82,2.102,1.298,1.4473771428571427
935,5.143,2.344,1.5,4.313,1.735,1.0,1.0690078571428572
936,5.143,2.344,1.5,4.595,1.937,1.163,1.271502142857143
937,7.0,4.167,6.0,6.47,3.653,5.47,3.376415714285714
938,10.0,2.939,9.143,9.92,2.888,9.065,2.864896
939,8.0,3.938,7.2,7.34,3.356,6.57,3.0791299999999997
940,11.0,6.694,6.4,9.42,5.224,4.895,4.4736436363636365
941,6.0,5.0,5.333,5.92,4.92,5.262,4.8544
942,9.0,6.125,8.0,8.47,5.604,7.47,5.2739866666666675
943,11.0,6.694,10.0,10.29,6.03,9.29,5.640790909090909
944,7.0,6.0,6.0,6.96,5.96,5.96,5.925942857142857
945,7.0,6.0,6.0,6.88,5.88,5.88,5.7792
946,7.0,6.0,6.0,7.54,6.54,6.54,7.0445142857142855
947,7.0,6.0,6.0,6.88,5.88,5.88,5.7792
948,8.0,7.0,7.2,6.98,5.98,6.231,5.217550000000001
949,8.0,7.0,7.2,7.92,6.92,7.123,6.8508
950,9.0,8.0,8.0,9.5,8.5,8.5,8.972222222222221
951,11.0,8.1,10.0,10.47,7.576,9.47,7.210974545454545
952,15.0,14.0,14.0,14.88,13.88,13.88,13.768960000000002
953,15.39,4.014,1.37,15.802,4.214,1.455,3.504717263157895
954,7.0,3.061,2.667,6.47,2.611,2.201,2.41331
955,13.959,5.413,2.178,11.469,3.949,1.463,2.383741105263158
956,13.005,4.836,1.983,10.529,3.434,1.294,2.0086992222222224
957,12.457,6.074,3.25,10.429,4.62,2.305,3.01137375
958,15.39,5.08,3.03,13.745,4.167,2.403,3.0144955263157893
959,12.055,4.592,1.96,9.781,3.284,1.289,1.8894590588235294
960,26.036,15.789,10.054,24.198,14.199,8.816,12.270978642857143
961,13.067,5.915,2.982,11.166,4.544,2.121,3.3825536
962,13.432,6.805,4.0,11.203,5.164,2.844,3.4030759999999995
963,7.111,2.722,1.469,5.879,1.931,0.937,1.2613721111111111
964,8.1,3.408,1.991,6.805,2.519,1.359,1.7141795000000002
965,18.781,9.087,5.019,15.802,6.999,3.65,4.60825825
966,12.457,6.074,3.25,10.583,4.727,2.373,3.1266150625000004
967,12.457,6.074,3.495,10.168,4.44,2.374,2.8216200000000002
968,11.484,4.108,2.397,9.946,3.217,1.79,2.1330854666666665
969,16.372,7.852,4.496,14.488,6.493,3.563,4.7035292
970,14.41,6.438,3.322,12.106,4.874,2.349,3.2780357777777773
971,12.457,5.104,2.831,10.554,3.891,2.035,2.5666008750000002
972,11.077,5.672,3.0,9.865,4.72,2.356,3.5817538461538456
973,11.484,5.365,3.226,10.062,4.367,2.509,2.9293836
974,9.091,4.133,2.5,7.922,3.282,1.868,2.3636367272727274
975,13.432,6.805,4.0,11.271,5.212,2.877,3.455556
976,9.091,4.133,2.844,7.793,3.191,2.075,2.2606784545454546
977,11.077,4.022,2.721,9.905,3.286,2.143,2.5036792307692304
978,12.071,4.245,2.994,10.779,3.452,2.358,2.6577934285714284
979,10.083,4.889,2.778,8.585,3.759,1.985,2.6892512500000003
980,10.083,4.297,2.493,8.387,3.127,1.676,2.1855124166666666
981,12.071,4.68,3.96,10.847,3.874,3.216,3.001519857142857
982,7.111,2.722,1.704,5.958,1.979,1.139,1.3100980000000002
983,10.083,4.297,2.778,8.387,3.127,1.888,2.1855124166666666
984,10.083,4.297,2.778,8.258,3.042,1.826,2.093403
985,10.88,4.0,1.482,8.7,2.825,0.959,1.4457352941176471
986,17.416,7.319,3.241,15.608,6.188,2.633,4.024262666666666
987,16.056,8.992,5.267,14.222,7.479,4.168,5.909241
988,16.056,8.992,5.267,13.704,7.061,3.873,5.3757746666666675
989,13.959,6.635,3.366,11.413,4.9,2.308,2.9433526315789478
990,14.41,6.438,3.322,11.98,4.792,2.3,3.1893422222222223
991,16.372,7.32,3.814,13.735,5.523,2.69,3.7929202499999994
992,12.457,5.558,3.03,10.235,4.063,2.059,2.5990503124999997
993,11.111,4.349,1.765,9.279,3.271,1.232,1.8969755625
994,13.959,6.185,3.03,11.413,4.535,2.061,2.724102894736842
995,14.41,7.556,4.566,12.174,5.866,3.349,3.9673713333333334
996,13.959,5.413,2.492,11.838,4.156,1.799,2.589406736842105
997,10.083,3.806,2.25,9.16,3.208,1.826,2.4487733333333335
998,7.639,2.803,1.322,5.834,1.781,0.741,0.9445776363636362
999,12.071,5.778,3.96,10.59,4.664,3.066,3.527982857142857
